fecha;motor_id;corriente;temperatura;vibracion;tipo_mtto;fecha_mtto;tipo_falla;fecha_falla;falla_en_30_dias
2025-01-01;MTR_001;972;7509;306;;;mecÃ¡nica;2025-06-22;0
2025-01-02;MTR_001;899;7045;242;;;mecÃ¡nica;2025-06-22;0
2025-01-03;MTR_001;1027;7402;294;;;mecÃ¡nica;2025-06-22;0
2025-01-04;MTR_001;859;728;259;;;mecÃ¡nica;2025-06-22;0
2025-01-05;MTR_001;954;7575;204;;;mecÃ¡nica;2025-06-22;0
2025-01-06;MTR_001;691;7481;244;;;mecÃ¡nica;2025-06-22;0
2025-01-07;MTR_001;1126;7304;205;;;mecÃ¡nica;2025-06-22;0
2025-01-08;MTR_001;96;7329;29;;;mecÃ¡nica;2025-06-22;0
2025-01-09;MTR_001;975;7611;20;;;mecÃ¡nica;2025-06-22;0
2025-01-10;MTR_001;1126;7849;258;;;mecÃ¡nica;2025-06-22;0
2025-01-11;MTR_001;1159;7942;241;;;mecÃ¡nica;2025-06-22;0
2025-01-12;MTR_001;1134;7534;316;;;mecÃ¡nica;2025-06-22;0
2025-01-13;MTR_001;94;7458;254;;;mecÃ¡nica;2025-06-22;0
2025-01-14;MTR_001;1062;6878;24;;;mecÃ¡nica;2025-06-22;0
2025-01-15;MTR_001;937;7157;28;;;mecÃ¡nica;2025-06-22;0
2025-01-16;MTR_001;1132;7203;329;;;mecÃ¡nica;2025-06-22;0
2025-01-17;MTR_001;977;7613;248;;;mecÃ¡nica;2025-06-22;0
2025-01-18;MTR_001;1239;7428;264;;;mecÃ¡nica;2025-06-22;0
2025-01-19;MTR_001;923;7465;22;;;mecÃ¡nica;2025-06-22;0
2025-01-20;MTR_001;1056;7418;246;;;mecÃ¡nica;2025-06-22;0
2025-01-21;MTR_001;1007;7468;248;;;mecÃ¡nica;2025-06-22;0
2025-01-22;MTR_001;1106;7258;226;;;mecÃ¡nica;2025-06-22;0
2025-01-23;MTR_001;974;773;285;;;mecÃ¡nica;2025-06-22;0
2025-01-24;MTR_001;1105;7617;285;;;mecÃ¡nica;2025-06-22;0
2025-01-25;MTR_001;957;7219;243;;;mecÃ¡nica;2025-06-22;0
2025-01-26;MTR_001;1039;7449;25;;;mecÃ¡nica;2025-06-22;0
2025-01-27;MTR_001;866;7402;22;;;mecÃ¡nica;2025-06-22;0
2025-01-28;MTR_001;105;7486;243;;;mecÃ¡nica;2025-06-22;0
2025-01-29;MTR_001;1046;6647;32;;;mecÃ¡nica;2025-06-22;0
2025-01-30;MTR_001;1028;7239;222;;;mecÃ¡nica;2025-06-22;0
2025-01-31;MTR_001;984;7792;139;;;mecÃ¡nica;2025-06-22;0
2025-02-01;MTR_001;877;7425;262;;;mecÃ¡nica;2025-06-22;0
2025-02-02;MTR_001;939;7547;311;;;mecÃ¡nica;2025-06-22;0
2025-02-03;MTR_001;978;8036;327;;;mecÃ¡nica;2025-06-22;0
2025-02-04;MTR_001;114;7199;263;;;mecÃ¡nica;2025-06-22;0
2025-02-05;MTR_001;1163;7707;255;;;mecÃ¡nica;2025-06-22;0
2025-02-06;MTR_001;813;7537;185;;;mecÃ¡nica;2025-06-22;0
2025-02-07;MTR_001;1072;7541;28;;;mecÃ¡nica;2025-06-22;0
2025-02-08;MTR_001;1011;7423;282;;;mecÃ¡nica;2025-06-22;0
2025-02-09;MTR_001;852;7433;206;;;mecÃ¡nica;2025-06-22;0
2025-02-10;MTR_001;1017;7127;215;;;mecÃ¡nica;2025-06-22;0
2025-02-11;MTR_001;98;733;226;;;mecÃ¡nica;2025-06-22;0
2025-02-12;MTR_001;1229;7705;25;;;mecÃ¡nica;2025-06-22;0
2025-02-13;MTR_001;977;7445;289;;;mecÃ¡nica;2025-06-22;0
2025-02-14;MTR_001;932;7678;242;;;mecÃ¡nica;2025-06-22;0
2025-02-15;MTR_001;941;8167;268;;;mecÃ¡nica;2025-06-22;0
2025-02-16;MTR_001;865;7491;216;;;mecÃ¡nica;2025-06-22;0
2025-02-17;MTR_001;941;7484;232;reemplazo;2025-02-17;mecÃ¡nica;2025-06-22;0
2025-02-18;MTR_001;802;7596;217;;;mecÃ¡nica;2025-06-22;0
2025-02-19;MTR_001;961;7487;241;;;mecÃ¡nica;2025-06-22;0
2025-02-20;MTR_001;94;7648;25;;;mecÃ¡nica;2025-06-22;0
2025-02-21;MTR_001;89;8076;287;;;mecÃ¡nica;2025-06-22;0
2025-02-22;MTR_001;918;759;273;;;mecÃ¡nica;2025-06-22;0
2025-02-23;MTR_001;1043;7598;232;;;mecÃ¡nica;2025-06-22;0
2025-02-24;MTR_001;1036;8059;27;;;mecÃ¡nica;2025-06-22;0
2025-02-25;MTR_001;1072;6708;205;;;mecÃ¡nica;2025-06-22;0
2025-02-26;MTR_001;982;6988;278;;;mecÃ¡nica;2025-06-22;0
2025-02-27;MTR_001;954;7472;228;;;mecÃ¡nica;2025-06-22;0
2025-02-28;MTR_001;858;7604;301;;;mecÃ¡nica;2025-06-22;0
2025-03-01;MTR_001;100;7818;259;;;mecÃ¡nica;2025-06-22;0
2025-03-02;MTR_001;1037;7811;196;;;mecÃ¡nica;2025-06-22;0
2025-03-03;MTR_001;1076;7552;298;;;mecÃ¡nica;2025-06-22;0
2025-03-04;MTR_001;1071;7735;203;;;mecÃ¡nica;2025-06-22;0
2025-03-05;MTR_001;1046;7159;283;;;mecÃ¡nica;2025-06-22;0
2025-03-06;MTR_001;1151;6939;242;;;mecÃ¡nica;2025-06-22;0
2025-03-07;MTR_001;838;7651;209;;;mecÃ¡nica;2025-06-22;0
2025-03-08;MTR_001;1026;7536;205;;;mecÃ¡nica;2025-06-22;0
2025-03-09;MTR_001;967;744;245;;;mecÃ¡nica;2025-06-22;0
2025-03-10;MTR_001;931;7626;313;;;mecÃ¡nica;2025-06-22;0
2025-03-11;MTR_001;1076;7458;24;;;mecÃ¡nica;2025-06-22;0
2025-03-12;MTR_001;997;7502;237;;;mecÃ¡nica;2025-06-22;0
2025-03-13;MTR_001;1049;7278;196;;;mecÃ¡nica;2025-06-22;0
2025-03-14;MTR_001;1027;7966;298;;;mecÃ¡nica;2025-06-22;0
2025-03-15;MTR_001;1055;6493;307;;;mecÃ¡nica;2025-06-22;0
2025-03-16;MTR_001;955;7355;197;;;mecÃ¡nica;2025-06-22;0
2025-03-17;MTR_001;1051;7741;213;;;mecÃ¡nica;2025-06-22;0
2025-03-18;MTR_001;918;7702;264;;;mecÃ¡nica;2025-06-22;0
2025-03-19;MTR_001;89;7684;166;;;mecÃ¡nica;2025-06-22;0
2025-03-20;MTR_001;1018;7329;179;;;mecÃ¡nica;2025-06-22;0
2025-03-21;MTR_001;1122;7642;186;;;mecÃ¡nica;2025-06-22;0
2025-03-22;MTR_001;1039;7137;229;;;mecÃ¡nica;2025-06-22;0
2025-03-23;MTR_001;1236;7186;25;;;mecÃ¡nica;2025-06-22;0
2025-03-24;MTR_001;838;8012;335;;;mecÃ¡nica;2025-06-22;0
2025-03-25;MTR_001;1008;7945;196;;;mecÃ¡nica;2025-06-22;0
2025-03-26;MTR_001;869;7191;201;;;mecÃ¡nica;2025-06-22;0
2025-03-27;MTR_001;1096;7291;27;;;mecÃ¡nica;2025-06-22;0
2025-03-28;MTR_001;1129;7508;243;;;mecÃ¡nica;2025-06-22;0
2025-03-29;MTR_001;1041;747;246;;;mecÃ¡nica;2025-06-22;0
2025-03-30;MTR_001;1062;7268;265;;;mecÃ¡nica;2025-06-22;0
2025-03-31;MTR_001;989;7755;263;;;mecÃ¡nica;2025-06-22;0
2025-04-01;MTR_001;683;7772;202;;;mecÃ¡nica;2025-06-22;0
2025-04-02;MTR_001;92;7835;215;;;mecÃ¡nica;2025-06-22;0
2025-04-03;MTR_001;892;7184;248;;;mecÃ¡nica;2025-06-22;0
2025-04-04;MTR_001;987;7477;25;;;mecÃ¡nica;2025-06-22;0
2025-04-05;MTR_001;1079;7253;234;;;mecÃ¡nica;2025-06-22;0
2025-04-06;MTR_001;1042;7109;261;;;mecÃ¡nica;2025-06-22;0
2025-04-07;MTR_001;1039;7627;311;;;mecÃ¡nica;2025-06-22;0
2025-04-08;MTR_001;975;7521;157;;;mecÃ¡nica;2025-06-22;0
2025-04-09;MTR_001;895;7486;242;;;mecÃ¡nica;2025-06-22;0
2025-04-10;MTR_001;1081;7214;242;;;mecÃ¡nica;2025-06-22;0
2025-04-11;MTR_001;1082;7736;308;;;mecÃ¡nica;2025-06-22;0
2025-04-12;MTR_001;1072;7694;225;;;mecÃ¡nica;2025-06-22;0
2025-04-13;MTR_001;1061;7256;216;;;mecÃ¡nica;2025-06-22;0
2025-04-14;MTR_001;1367;7068;238;;;mecÃ¡nica;2025-06-22;0
2025-04-15;MTR_001;1173;7457;223;;;mecÃ¡nica;2025-06-22;0
2025-04-16;MTR_001;1155;7782;232;;;mecÃ¡nica;2025-06-22;0
2025-04-17;MTR_001;875;7625;196;;;mecÃ¡nica;2025-06-22;0
2025-04-18;MTR_001;1055;7298;303;;;mecÃ¡nica;2025-06-22;0
2025-04-19;MTR_001;1069;7423;264;;;mecÃ¡nica;2025-06-22;0
2025-04-20;MTR_001;1127;8013;246;;;mecÃ¡nica;2025-06-22;0
2025-04-21;MTR_001;831;771;283;;;mecÃ¡nica;2025-06-22;0
2025-04-22;MTR_001;1066;757;21;;;mecÃ¡nica;2025-06-22;0
2025-04-23;MTR_001;921;7877;258;;;mecÃ¡nica;2025-06-22;0
2025-04-24;MTR_001;1124;7602;229;;;mecÃ¡nica;2025-06-22;0
2025-04-25;MTR_001;1041;7656;27;;;mecÃ¡nica;2025-06-22;0
2025-04-26;MTR_001;1067;7551;274;;;mecÃ¡nica;2025-06-22;0
2025-04-27;MTR_001;743;7665;28;;;mecÃ¡nica;2025-06-22;0
2025-04-28;MTR_001;1075;7971;228;;;mecÃ¡nica;2025-06-22;0
2025-04-29;MTR_001;101;7303;243;inspecciÃ³n;2025-04-29;mecÃ¡nica;2025-06-22;0
2025-04-30;MTR_001;88;6853;203;reemplazo;2025-04-30;mecÃ¡nica;2025-06-22;0
2025-05-01;MTR_001;965;7803;246;;;mecÃ¡nica;2025-06-22;0
2025-05-02;MTR_001;901;7491;284;;;mecÃ¡nica;2025-06-22;0
2025-05-03;MTR_001;886;7203;211;;;mecÃ¡nica;2025-06-22;0
2025-05-04;MTR_001;1131;7409;234;;;mecÃ¡nica;2025-06-22;0
2025-05-05;MTR_001;892;7543;209;;;mecÃ¡nica;2025-06-22;0
2025-05-06;MTR_001;1077;7518;25;;;mecÃ¡nica;2025-06-22;0
2025-05-07;MTR_001;808;7544;27;;;mecÃ¡nica;2025-06-22;0
2025-05-08;MTR_001;777;7304;275;;;mecÃ¡nica;2025-06-22;0
2025-05-09;MTR_001;998;7712;281;;;mecÃ¡nica;2025-06-22;0
2025-05-10;MTR_001;1156;7637;311;;;mecÃ¡nica;2025-06-22;0
2025-05-11;MTR_001;891;754;171;;;mecÃ¡nica;2025-06-22;0
2025-05-12;MTR_001;891;7305;287;;;mecÃ¡nica;2025-06-22;0
2025-05-13;MTR_001;98;7558;301;;;mecÃ¡nica;2025-06-22;0
2025-05-14;MTR_001;871;7768;245;;;mecÃ¡nica;2025-06-22;0
2025-05-15;MTR_001;101;7699;281;;;mecÃ¡nica;2025-06-22;0
2025-05-16;MTR_001;888;8032;299;;;mecÃ¡nica;2025-06-22;0
2025-05-17;MTR_001;1159;7405;349;;;mecÃ¡nica;2025-06-22;0
2025-05-18;MTR_001;846;807;262;;;mecÃ¡nica;2025-06-22;0
2025-05-19;MTR_001;1093;7582;249;;;mecÃ¡nica;2025-06-22;0
2025-05-20;MTR_001;1127;8073;304;;;mecÃ¡nica;2025-06-22;0
2025-05-21;MTR_001;1096;8041;358;;;mecÃ¡nica;2025-06-22;0
2025-05-22;MTR_001;1037;758;186;;;mecÃ¡nica;2025-06-22;0
2025-05-23;MTR_001;1207;7542;306;;;mecÃ¡nica;2025-06-22;1
2025-05-24;MTR_001;1312;7888;321;;;mecÃ¡nica;2025-06-22;1
2025-05-25;MTR_001;1569;788;423;;;mecÃ¡nica;2025-06-22;1
2025-05-26;MTR_001;1324;7523;417;;;mecÃ¡nica;2025-06-22;1
2025-05-27;MTR_001;1567;8447;418;;;mecÃ¡nica;2025-06-22;1
2025-05-28;MTR_001;1311;8026;383;;;mecÃ¡nica;2025-06-22;1
2025-05-29;MTR_001;1293;7433;492;;;mecÃ¡nica;2025-06-22;1
2025-05-30;MTR_001;1498;7834;539;;;mecÃ¡nica;2025-06-22;1
2025-05-31;MTR_001;139;9077;353;;;mecÃ¡nica;2025-06-22;1
2025-06-01;MTR_001;1636;8003;511;;;mecÃ¡nica;2025-06-22;1
2025-06-02;MTR_001;1432;8159;527;;;mecÃ¡nica;2025-06-22;1
2025-06-03;MTR_001;1543;8228;41;;;mecÃ¡nica;2025-06-22;1
2025-06-04;MTR_001;1247;8311;539;;;mecÃ¡nica;2025-06-22;1
2025-06-05;MTR_001;1361;7989;678;;;mecÃ¡nica;2025-06-22;1
2025-06-06;MTR_001;2157;8152;55;;;mecÃ¡nica;2025-06-22;1
2025-06-07;MTR_001;1754;8814;587;;;mecÃ¡nica;2025-06-22;1
2025-06-08;MTR_001;1362;8836;465;;;mecÃ¡nica;2025-06-22;1
2025-06-09;MTR_001;1867;8566;463;;;mecÃ¡nica;2025-06-22;1
2025-06-10;MTR_001;1425;8441;419;;;mecÃ¡nica;2025-06-22;1
2025-06-11;MTR_001;1815;8992;793;;;mecÃ¡nica;2025-06-22;1
2025-06-12;MTR_001;1592;9402;443;;;mecÃ¡nica;2025-06-22;1
2025-06-13;MTR_001;2263;8782;598;;;mecÃ¡nica;2025-06-22;1
2025-06-14;MTR_001;2256;8295;533;;;mecÃ¡nica;2025-06-22;1
2025-06-15;MTR_001;1992;8514;631;;;mecÃ¡nica;2025-06-22;1
2025-06-16;MTR_001;228;9102;815;;;mecÃ¡nica;2025-06-22;1
2025-06-17;MTR_001;2431;9674;724;;;mecÃ¡nica;2025-06-22;1
2025-06-18;MTR_001;2646;8313;41;;;mecÃ¡nica;2025-06-22;1
2025-06-19;MTR_001;2575;9582;908;;;mecÃ¡nica;2025-06-22;1
2025-06-20;MTR_001;2345;8523;538;;;mecÃ¡nica;2025-06-22;1
2025-06-21;MTR_001;1974;9204;748;;;mecÃ¡nica;2025-06-22;1
2025-06-22;MTR_001;1702;9368;554;;;mecÃ¡nica;2025-06-22;1
2025-06-23;MTR_001;1509;9517;717;;;mecÃ¡nica;2025-06-22;0
2025-06-24;MTR_001;2641;9859;869;;;mecÃ¡nica;2025-06-22;0
2025-06-25;MTR_001;2356;9511;75;;;mecÃ¡nica;2025-06-22;0
2025-06-26;MTR_001;1916;8881;679;;;mecÃ¡nica;2025-06-22;0
2025-06-27;MTR_001;2041;10161;623;;;mecÃ¡nica;2025-06-22;0
2025-06-28;MTR_001;1816;8887;100;;;mecÃ¡nica;2025-06-22;0
2025-06-29;MTR_001;2323;8893;757;;;mecÃ¡nica;2025-06-22;0
2025-01-01;MTR_002;1107;7544;268;;;;;0
2025-01-02;MTR_002;1075;7688;213;;;;;0
2025-01-03;MTR_002;1065;7224;288;;;;;0
2025-01-04;MTR_002;1047;7761;334;;;;;0
2025-01-05;MTR_002;945;7571;372;;;;;0
2025-01-06;MTR_002;976;7394;35;;;;;0
2025-01-07;MTR_002;942;778;236;;;;;0
2025-01-08;MTR_002;1077;775;252;;;;;0
2025-01-09;MTR_002;943;7901;231;;;;;0
2025-01-10;MTR_002;927;7542;238;;;;;0
2025-01-11;MTR_002;909;7355;247;;;;;0
2025-01-12;MTR_002;1135;7926;205;;;;;0
2025-01-13;MTR_002;999;7152;266;;;;;0
2025-01-14;MTR_002;1116;7585;277;;;;;0
2025-01-15;MTR_002;1056;7634;218;;;;;0
2025-01-16;MTR_002;1053;7853;266;;;;;0
2025-01-17;MTR_002;1131;6411;225;;;;;0
2025-01-18;MTR_002;1017;7994;235;;;;;0
2025-01-19;MTR_002;1031;7678;289;;;;;0
2025-01-20;MTR_002;1132;7005;376;;;;;0
2025-01-21;MTR_002;1036;7673;311;;;;;0
2025-01-22;MTR_002;1005;7443;29;;;;;0
2025-01-23;MTR_002;1055;7225;233;;;;;0
2025-01-24;MTR_002;982;7669;24;;;;;0
2025-01-25;MTR_002;856;7554;317;;;;;0
2025-01-26;MTR_002;1127;736;262;;;;;0
2025-01-27;MTR_002;875;7599;271;;;;;0
2025-01-28;MTR_002;889;7236;212;;;;;0
2025-01-29;MTR_002;879;7996;252;;;;;0
2025-01-30;MTR_002;1128;7691;234;;;;;0
2025-01-31;MTR_002;1153;7567;238;;;;;0
2025-02-01;MTR_002;1043;7909;235;;;;;0
2025-02-02;MTR_002;104;7235;25;;;;;0
2025-02-03;MTR_002;1038;8027;236;;;;;0
2025-02-04;MTR_002;896;7291;303;;;;;0
2025-02-05;MTR_002;916;6644;198;;;;;0
2025-02-06;MTR_002;1035;7322;251;;;;;0
2025-02-07;MTR_002;1262;7193;247;;;;;0
2025-02-08;MTR_002;1045;7713;187;;;;;0
2025-02-09;MTR_002;898;724;289;;;;;0
2025-02-10;MTR_002;116;7985;312;;;;;0
2025-02-11;MTR_002;967;7669;315;;;;;0
2025-02-12;MTR_002;1092;762;235;;;;;0
2025-02-13;MTR_002;1025;740;255;;;;;0
2025-02-14;MTR_002;1115;7585;275;;;;;0
2025-02-15;MTR_002;969;7961;211;;;;;0
2025-02-16;MTR_002;858;7647;289;;;;;0
2025-02-17;MTR_002;868;7092;273;reemplazo;2025-02-17;;;0
2025-02-18;MTR_002;79;7318;266;;;;;0
2025-02-19;MTR_002;829;7594;193;;;;;0
2025-02-20;MTR_002;953;808;335;;;;;0
2025-02-21;MTR_002;1139;716;22;;;;;0
2025-02-22;MTR_002;845;7586;226;;;;;0
2025-02-23;MTR_002;1106;6952;266;ajuste;2025-02-23;;;0
2025-02-24;MTR_002;818;7679;185;inspecciÃ³n;2025-02-24;;;0
2025-02-25;MTR_002;1106;7337;243;;;;;0
2025-02-26;MTR_002;1054;7595;25;;;;;0
2025-02-27;MTR_002;100;7056;154;;;;;0
2025-02-28;MTR_002;924;7021;214;;;;;0
2025-03-01;MTR_002;956;7596;202;;;;;0
2025-03-02;MTR_002;1037;7947;215;;;;;0
2025-03-03;MTR_002;939;7711;262;;;;;0
2025-03-04;MTR_002;94;7349;254;;;;;0
2025-03-05;MTR_002;936;7042;33;;;;;0
2025-03-06;MTR_002;1014;7384;255;;;;;0
2025-03-07;MTR_002;904;7428;263;;;;;0
2025-03-08;MTR_002;1122;7244;236;;;;;0
2025-03-09;MTR_002;1261;7523;344;;;;;0
2025-03-10;MTR_002;916;7283;26;;;;;0
2025-03-11;MTR_002;921;7674;192;;;;;0
2025-03-12;MTR_002;804;740;259;;;;;0
2025-03-13;MTR_002;98;7412;183;;;;;0
2025-03-14;MTR_002;967;7165;227;;;;;0
2025-03-15;MTR_002;1002;7233;221;;;;;0
2025-03-16;MTR_002;1096;7565;212;;;;;0
2025-03-17;MTR_002;944;7374;19;;;;;0
2025-03-18;MTR_002;110;7396;196;;;;;0
2025-03-19;MTR_002;852;7461;325;;;;;0
2025-03-20;MTR_002;869;6993;306;;;;;0
2025-03-21;MTR_002;1107;7694;26;;;;;0
2025-03-22;MTR_002;995;7179;229;;;;;0
2025-03-23;MTR_002;958;800;245;;;;;0
2025-03-24;MTR_002;80;7773;229;;;;;0
2025-03-25;MTR_002;932;7437;254;;;;;0
2025-03-26;MTR_002;1009;7301;269;;;;;0
2025-03-27;MTR_002;1038;7341;291;;;;;0
2025-03-28;MTR_002;867;7081;239;;;;;0
2025-03-29;MTR_002;993;7373;262;;;;;0
2025-03-30;MTR_002;818;7628;289;;;;;0
2025-03-31;MTR_002;879;7409;215;;;;;0
2025-04-01;MTR_002;1045;7267;287;;;;;0
2025-04-02;MTR_002;989;7762;201;;;;;0
2025-04-03;MTR_002;889;755;301;;;;;0
2025-04-04;MTR_002;864;7796;213;;;;;0
2025-04-05;MTR_002;897;7692;284;;;;;0
2025-04-06;MTR_002;1246;7547;228;;;;;0
2025-04-07;MTR_002;1152;8177;277;;;;;0
2025-04-08;MTR_002;975;7494;277;;;;;0
2025-04-09;MTR_002;1096;7153;295;;;;;0
2025-04-10;MTR_002;876;7691;266;;;;;0
2025-04-11;MTR_002;1091;7821;273;;;;;0
2025-04-12;MTR_002;966;7262;332;;;;;0
2025-04-13;MTR_002;842;7715;229;;;;;0
2025-04-14;MTR_002;942;7258;211;;;;;0
2025-04-15;MTR_002;1131;7478;267;;;;;0
2025-04-16;MTR_002;941;7603;308;;;;;0
2025-04-17;MTR_002;752;7372;14;;;;;0
2025-04-18;MTR_002;1085;718;249;;;;;0
2025-04-19;MTR_002;1096;7182;237;;;;;0
2025-04-20;MTR_002;1009;7503;263;;;;;0
2025-04-21;MTR_002;1024;7741;358;;;;;0
2025-04-22;MTR_002;1077;7165;271;;;;;0
2025-04-23;MTR_002;115;7582;245;;;;;0
2025-04-24;MTR_002;1082;7603;281;;;;;0
2025-04-25;MTR_002;988;7644;26;;;;;0
2025-04-26;MTR_002;1017;7791;25;;;;;0
2025-04-27;MTR_002;107;7802;274;;;;;0
2025-04-28;MTR_002;807;7364;228;;;;;0
2025-04-29;MTR_002;1035;7297;261;;;;;0
2025-04-30;MTR_002;1144;7321;251;;;;;0
2025-05-01;MTR_002;961;766;259;;;;;0
2025-05-02;MTR_002;1051;7668;287;;;;;0
2025-05-03;MTR_002;918;7414;27;;;;;0
2025-05-04;MTR_002;1056;7902;21;;;;;0
2025-05-05;MTR_002;972;7735;235;;;;;0
2025-05-06;MTR_002;921;7442;364;;;;;0
2025-05-07;MTR_002;1057;7176;203;;;;;0
2025-05-08;MTR_002;1058;6713;226;;;;;0
2025-05-09;MTR_002;1071;7343;296;;;;;0
2025-05-10;MTR_002;802;7772;282;;;;;0
2025-05-11;MTR_002;1057;7419;196;;;;;0
2025-05-12;MTR_002;1108;7474;296;;;;;0
2025-05-13;MTR_002;1099;7492;306;;;;;0
2025-05-14;MTR_002;1024;7458;249;;;;;0
2025-05-15;MTR_002;878;7502;25;;;;;0
2025-05-16;MTR_002;1206;6994;272;;;;;0
2025-05-17;MTR_002;1273;7131;23;;;;;0
2025-05-18;MTR_002;1062;7464;305;;;;;0
2025-05-19;MTR_002;114;7064;245;;;;;0
2025-05-20;MTR_002;997;7736;304;;;;;0
2025-05-21;MTR_002;109;7385;252;;;;;0
2025-05-22;MTR_002;995;7651;303;;;;;0
2025-05-23;MTR_002;1062;757;245;;;;;0
2025-05-24;MTR_002;1082;752;24;;;;;0
2025-05-25;MTR_002;90;7316;328;;;;;0
2025-05-26;MTR_002;1083;744;241;;;;;0
2025-05-27;MTR_002;1001;7679;225;;;;;0
2025-05-28;MTR_002;113;7295;259;;;;;0
2025-05-29;MTR_002;1007;7733;282;;;;;0
2025-05-30;MTR_002;1139;7477;307;;;;;0
2025-05-31;MTR_002;1052;7585;224;;;;;0
2025-06-01;MTR_002;939;7757;205;;;;;0
2025-06-02;MTR_002;1024;7338;264;;;;;0
2025-06-03;MTR_002;952;7575;232;;;;;0
2025-06-04;MTR_002;1208;8026;217;;;;;0
2025-06-05;MTR_002;934;7548;215;;;;;0
2025-06-06;MTR_002;1046;7565;259;;;;;0
2025-06-07;MTR_002;1075;7099;214;;;;;0
2025-06-08;MTR_002;1113;6882;218;;;;;0
2025-06-09;MTR_002;1178;7455;21;;;;;0
2025-06-10;MTR_002;952;7749;224;;;;;0
2025-06-11;MTR_002;1087;7172;253;;;;;0
2025-06-12;MTR_002;891;7353;228;;;;;0
2025-06-13;MTR_002;1104;7262;256;;;;;0
2025-06-14;MTR_002;91;7149;267;;;;;0
2025-06-15;MTR_002;997;7576;229;;;;;0
2025-06-16;MTR_002;1013;7598;258;;;;;0
2025-06-17;MTR_002;922;7874;289;;;;;0
2025-06-18;MTR_002;1155;7667;258;;;;;0
2025-06-19;MTR_002;933;7332;237;;;;;0
2025-06-20;MTR_002;1001;6653;281;;;;;0
2025-06-21;MTR_002;1047;7768;226;;;;;0
2025-06-22;MTR_002;1103;7754;304;;;;;0
2025-06-23;MTR_002;781;7312;277;;;;;0
2025-06-24;MTR_002;1053;6907;201;;;;;0
2025-06-25;MTR_002;989;6698;272;;;;;0
2025-06-26;MTR_002;1051;7674;256;;;;;0
2025-06-27;MTR_002;1136;7597;21;;;;;0
2025-06-28;MTR_002;1055;7521;221;;;;;0
2025-06-29;MTR_002;972;7217;23;;;;;0
2025-01-01;MTR_003;996;7498;167;;;sobrecalentamiento;2025-06-11;0
2025-01-02;MTR_003;982;7848;263;;;sobrecalentamiento;2025-06-11;0
2025-01-03;MTR_003;1043;7325;262;;;sobrecalentamiento;2025-06-11;0
2025-01-04;MTR_003;100;7299;217;;;sobrecalentamiento;2025-06-11;0
2025-01-05;MTR_003;966;7623;36;;;sobrecalentamiento;2025-06-11;0
2025-01-06;MTR_003;100;7974;246;;;sobrecalentamiento;2025-06-11;0
2025-01-07;MTR_003;1029;7114;34;;;sobrecalentamiento;2025-06-11;0
2025-01-08;MTR_003;1026;7156;217;;;sobrecalentamiento;2025-06-11;0
2025-01-09;MTR_003;768;7728;251;;;sobrecalentamiento;2025-06-11;0
2025-01-10;MTR_003;994;7622;252;;;sobrecalentamiento;2025-06-11;0
2025-01-11;MTR_003;992;7415;188;;;sobrecalentamiento;2025-06-11;0
2025-01-12;MTR_003;967;736;268;;;sobrecalentamiento;2025-06-11;0
2025-01-13;MTR_003;942;7588;251;;;sobrecalentamiento;2025-06-11;0
2025-01-14;MTR_003;1083;7928;245;;;sobrecalentamiento;2025-06-11;0
2025-01-15;MTR_003;954;8129;277;inspecciÃ³n;2025-01-15;sobrecalentamiento;2025-06-11;0
2025-01-16;MTR_003;926;7591;25;;;sobrecalentamiento;2025-06-11;0
2025-01-17;MTR_003;1039;7151;261;;;sobrecalentamiento;2025-06-11;0
2025-01-18;MTR_003;1023;7273;345;;;sobrecalentamiento;2025-06-11;0
2025-01-19;MTR_003;887;7726;219;;;sobrecalentamiento;2025-06-11;0
2025-01-20;MTR_003;88;7749;215;;;sobrecalentamiento;2025-06-11;0
2025-01-21;MTR_003;835;6998;323;;;sobrecalentamiento;2025-06-11;0
2025-01-22;MTR_003;937;7988;319;;;sobrecalentamiento;2025-06-11;0
2025-01-23;MTR_003;104;7532;226;;;sobrecalentamiento;2025-06-11;0
2025-01-24;MTR_003;999;7232;244;;;sobrecalentamiento;2025-06-11;0
2025-01-25;MTR_003;957;7453;272;;;sobrecalentamiento;2025-06-11;0
2025-01-26;MTR_003;1062;7383;251;lubricaciÃ³n;2025-01-26;sobrecalentamiento;2025-06-11;0
2025-01-27;MTR_003;111;7982;262;;;sobrecalentamiento;2025-06-11;0
2025-01-28;MTR_003;955;7231;27;;;sobrecalentamiento;2025-06-11;0
2025-01-29;MTR_003;1047;8098;288;;;sobrecalentamiento;2025-06-11;0
2025-01-30;MTR_003;855;7277;303;;;sobrecalentamiento;2025-06-11;0
2025-01-31;MTR_003;1022;7552;254;;;sobrecalentamiento;2025-06-11;0
2025-02-01;MTR_003;1013;6846;207;;;sobrecalentamiento;2025-06-11;0
2025-02-02;MTR_003;972;7768;208;;;sobrecalentamiento;2025-06-11;0
2025-02-03;MTR_003;887;7623;24;;;sobrecalentamiento;2025-06-11;0
2025-02-04;MTR_003;101;6927;205;;;sobrecalentamiento;2025-06-11;0
2025-02-05;MTR_003;994;7038;29;;;sobrecalentamiento;2025-06-11;0
2025-02-06;MTR_003;1146;7809;255;;;sobrecalentamiento;2025-06-11;0
2025-02-07;MTR_003;1023;7691;253;;;sobrecalentamiento;2025-06-11;0
2025-02-08;MTR_003;843;7543;278;;;sobrecalentamiento;2025-06-11;0
2025-02-09;MTR_003;957;7519;259;;;sobrecalentamiento;2025-06-11;0
2025-02-10;MTR_003;1008;7409;288;;;sobrecalentamiento;2025-06-11;0
2025-02-11;MTR_003;854;7385;31;;;sobrecalentamiento;2025-06-11;0
2025-02-12;MTR_003;1087;7534;247;;;sobrecalentamiento;2025-06-11;0
2025-02-13;MTR_003;1032;7084;236;;;sobrecalentamiento;2025-06-11;0
2025-02-14;MTR_003;1064;7264;324;;;sobrecalentamiento;2025-06-11;0
2025-02-15;MTR_003;1031;7595;301;;;sobrecalentamiento;2025-06-11;0
2025-02-16;MTR_003;1149;7563;231;;;sobrecalentamiento;2025-06-11;0
2025-02-17;MTR_003;963;7362;189;;;sobrecalentamiento;2025-06-11;0
2025-02-18;MTR_003;1032;7231;313;;;sobrecalentamiento;2025-06-11;0
2025-02-19;MTR_003;873;736;197;;;sobrecalentamiento;2025-06-11;0
2025-02-20;MTR_003;924;743;265;;;sobrecalentamiento;2025-06-11;0
2025-02-21;MTR_003;978;7844;235;;;sobrecalentamiento;2025-06-11;0
2025-02-22;MTR_003;1015;7612;26;;;sobrecalentamiento;2025-06-11;0
2025-02-23;MTR_003;889;7115;269;;;sobrecalentamiento;2025-06-11;0
2025-02-24;MTR_003;94;7857;216;;;sobrecalentamiento;2025-06-11;0
2025-02-25;MTR_003;1175;7586;294;;;sobrecalentamiento;2025-06-11;0
2025-02-26;MTR_003;1106;7622;235;;;sobrecalentamiento;2025-06-11;0
2025-02-27;MTR_003;1049;7881;209;;;sobrecalentamiento;2025-06-11;0
2025-02-28;MTR_003;789;7837;216;;;sobrecalentamiento;2025-06-11;0
2025-03-01;MTR_003;912;7801;27;;;sobrecalentamiento;2025-06-11;0
2025-03-02;MTR_003;1025;7352;228;;;sobrecalentamiento;2025-06-11;0
2025-03-03;MTR_003;1016;7735;257;;;sobrecalentamiento;2025-06-11;0
2025-03-04;MTR_003;995;7446;259;;;sobrecalentamiento;2025-06-11;0
2025-03-05;MTR_003;99;7626;264;;;sobrecalentamiento;2025-06-11;0
2025-03-06;MTR_003;967;7839;265;;;sobrecalentamiento;2025-06-11;0
2025-03-07;MTR_003;942;728;238;;;sobrecalentamiento;2025-06-11;0
2025-03-08;MTR_003;1088;7742;237;;;sobrecalentamiento;2025-06-11;0
2025-03-09;MTR_003;105;8151;277;;;sobrecalentamiento;2025-06-11;0
2025-03-10;MTR_003;1059;781;264;;;sobrecalentamiento;2025-06-11;0
2025-03-11;MTR_003;943;7392;227;;;sobrecalentamiento;2025-06-11;0
2025-03-12;MTR_003;918;744;285;;;sobrecalentamiento;2025-06-11;0
2025-03-13;MTR_003;889;7504;14;;;sobrecalentamiento;2025-06-11;0
2025-03-14;MTR_003;95;7438;30;;;sobrecalentamiento;2025-06-11;0
2025-03-15;MTR_003;972;7644;258;;;sobrecalentamiento;2025-06-11;0
2025-03-16;MTR_003;1047;7629;231;;;sobrecalentamiento;2025-06-11;0
2025-03-17;MTR_003;1039;7397;254;;;sobrecalentamiento;2025-06-11;0
2025-03-18;MTR_003;933;7439;306;;;sobrecalentamiento;2025-06-11;0
2025-03-19;MTR_003;813;758;268;;;sobrecalentamiento;2025-06-11;0
2025-03-20;MTR_003;1063;7365;234;;;sobrecalentamiento;2025-06-11;0
2025-03-21;MTR_003;1062;788;259;;;sobrecalentamiento;2025-06-11;0
2025-03-22;MTR_003;1077;7035;316;;;sobrecalentamiento;2025-06-11;0
2025-03-23;MTR_003;1025;6928;254;;;sobrecalentamiento;2025-06-11;0
2025-03-24;MTR_003;1097;7432;162;;;sobrecalentamiento;2025-06-11;0
2025-03-25;MTR_003;1054;7994;259;;;sobrecalentamiento;2025-06-11;0
2025-03-26;MTR_003;1027;7511;184;;;sobrecalentamiento;2025-06-11;0
2025-03-27;MTR_003;1045;7495;198;;;sobrecalentamiento;2025-06-11;0
2025-03-28;MTR_003;1024;7745;243;;;sobrecalentamiento;2025-06-11;0
2025-03-29;MTR_003;984;7432;221;;;sobrecalentamiento;2025-06-11;0
2025-03-30;MTR_003;967;7608;245;;;sobrecalentamiento;2025-06-11;0
2025-03-31;MTR_003;1124;759;207;;;sobrecalentamiento;2025-06-11;0
2025-04-01;MTR_003;1081;7304;252;;;sobrecalentamiento;2025-06-11;0
2025-04-02;MTR_003;742;7283;316;;;sobrecalentamiento;2025-06-11;0
2025-04-03;MTR_003;1008;7618;291;;;sobrecalentamiento;2025-06-11;0
2025-04-04;MTR_003;999;7418;223;;;sobrecalentamiento;2025-06-11;0
2025-04-05;MTR_003;998;7697;235;;;sobrecalentamiento;2025-06-11;0
2025-04-06;MTR_003;946;7318;218;;;sobrecalentamiento;2025-06-11;0
2025-04-07;MTR_003;987;7341;203;;;sobrecalentamiento;2025-06-11;0
2025-04-08;MTR_003;883;740;214;;;sobrecalentamiento;2025-06-11;0
2025-04-09;MTR_003;1062;7646;249;;;sobrecalentamiento;2025-06-11;0
2025-04-10;MTR_003;90;7446;251;;;sobrecalentamiento;2025-06-11;0
2025-04-11;MTR_003;1011;7621;213;;;sobrecalentamiento;2025-06-11;0
2025-04-12;MTR_003;881;7572;183;;;sobrecalentamiento;2025-06-11;0
2025-04-13;MTR_003;1019;7342;215;;;sobrecalentamiento;2025-06-11;0
2025-04-14;MTR_003;839;7062;246;;;sobrecalentamiento;2025-06-11;0
2025-04-15;MTR_003;1147;7631;233;ajuste;2025-04-15;sobrecalentamiento;2025-06-11;0
2025-04-16;MTR_003;1093;7725;254;;;sobrecalentamiento;2025-06-11;0
2025-04-17;MTR_003;1234;7912;355;;;sobrecalentamiento;2025-06-11;0
2025-04-18;MTR_003;1328;7718;411;;;sobrecalentamiento;2025-06-11;0
2025-04-19;MTR_003;1071;7874;428;;;sobrecalentamiento;2025-06-11;0
2025-04-20;MTR_003;117;7625;33;;;sobrecalentamiento;2025-06-11;0
2025-04-21;MTR_003;1309;765;452;;;sobrecalentamiento;2025-06-11;0
2025-04-22;MTR_003;1234;8536;288;;;sobrecalentamiento;2025-06-11;0
2025-04-23;MTR_003;1504;7917;347;;;sobrecalentamiento;2025-06-11;0
2025-04-24;MTR_003;112;7519;379;;;sobrecalentamiento;2025-06-11;0
2025-04-25;MTR_003;1379;8297;398;;;sobrecalentamiento;2025-06-11;0
2025-04-26;MTR_003;1645;8029;447;;;sobrecalentamiento;2025-06-11;0
2025-04-27;MTR_003;1311;7787;456;;;sobrecalentamiento;2025-06-11;0
2025-04-28;MTR_003;1458;7939;422;;;sobrecalentamiento;2025-06-11;0
2025-04-29;MTR_003;1591;7942;499;;;sobrecalentamiento;2025-06-11;0
2025-04-30;MTR_003;1451;8436;597;;;sobrecalentamiento;2025-06-11;0
2025-05-01;MTR_003;1439;8275;344;;;sobrecalentamiento;2025-06-11;0
2025-05-02;MTR_003;1462;876;314;;;sobrecalentamiento;2025-06-11;0
2025-05-03;MTR_003;1549;8449;447;;;sobrecalentamiento;2025-06-11;0
2025-05-04;MTR_003;1626;8901;406;;;sobrecalentamiento;2025-06-11;0
2025-05-05;MTR_003;1778;8605;511;;;sobrecalentamiento;2025-06-11;0
2025-05-06;MTR_003;1376;8421;58;;;sobrecalentamiento;2025-06-11;0
2025-05-07;MTR_003;1887;8927;495;;;sobrecalentamiento;2025-06-11;0
2025-05-08;MTR_003;1368;8362;388;;;sobrecalentamiento;2025-06-11;0
2025-05-09;MTR_003;2264;858;451;;;sobrecalentamiento;2025-06-11;0
2025-05-10;MTR_003;2155;8272;521;;;sobrecalentamiento;2025-06-11;0
2025-05-11;MTR_003;2073;921;506;;;sobrecalentamiento;2025-06-11;0
2025-05-12;MTR_003;1818;8366;73;;;sobrecalentamiento;2025-06-11;1
2025-05-13;MTR_003;213;9261;521;;;sobrecalentamiento;2025-06-11;1
2025-05-14;MTR_003;2171;9138;63;;;sobrecalentamiento;2025-06-11;1
2025-05-15;MTR_003;2487;8076;431;;;sobrecalentamiento;2025-06-11;1
2025-05-16;MTR_003;1979;9791;721;;;sobrecalentamiento;2025-06-11;1
2025-05-17;MTR_003;2624;9844;59;;;sobrecalentamiento;2025-06-11;1
2025-05-18;MTR_003;2129;933;506;;;sobrecalentamiento;2025-06-11;1
2025-05-19;MTR_003;1837;8814;546;;;sobrecalentamiento;2025-06-11;1
2025-05-20;MTR_003;2678;9392;653;;;sobrecalentamiento;2025-06-11;1
2025-05-21;MTR_003;1779;8259;852;;;sobrecalentamiento;2025-06-11;1
2025-05-22;MTR_003;218;10829;1035;;;sobrecalentamiento;2025-06-11;1
2025-05-23;MTR_003;2808;8724;998;;;sobrecalentamiento;2025-06-11;1
2025-05-24;MTR_003;2342;9254;1011;;;sobrecalentamiento;2025-06-11;1
2025-05-25;MTR_003;2335;8921;791;;;sobrecalentamiento;2025-06-11;1
2025-05-26;MTR_003;2723;9811;93;;;sobrecalentamiento;2025-06-11;1
2025-05-27;MTR_003;183;8846;63;;;sobrecalentamiento;2025-06-11;1
2025-05-28;MTR_003;1491;10822;728;;;sobrecalentamiento;2025-06-11;1
2025-05-29;MTR_003;2725;10335;756;;;sobrecalentamiento;2025-06-11;1
2025-05-30;MTR_003;3324;10947;566;;;sobrecalentamiento;2025-06-11;1
2025-05-31;MTR_003;3137;1063;692;;;sobrecalentamiento;2025-06-11;1
2025-06-01;MTR_003;1849;9152;1158;;;sobrecalentamiento;2025-06-11;1
2025-06-02;MTR_003;1951;1107;819;;;sobrecalentamiento;2025-06-11;1
2025-06-03;MTR_003;2771;10387;1208;;;sobrecalentamiento;2025-06-11;1
2025-06-04;MTR_003;2441;8952;78;;;sobrecalentamiento;2025-06-11;1
2025-06-05;MTR_003;1471;8305;453;;;sobrecalentamiento;2025-06-11;1
2025-06-06;MTR_003;3099;10282;784;;;sobrecalentamiento;2025-06-11;1
2025-06-07;MTR_003;3306;10956;1055;;;sobrecalentamiento;2025-06-11;1
2025-06-08;MTR_003;2751;9122;671;;;sobrecalentamiento;2025-06-11;1
2025-06-09;MTR_003;3382;9314;1334;;;sobrecalentamiento;2025-06-11;1
2025-06-10;MTR_003;2194;9825;1392;;;sobrecalentamiento;2025-06-11;1
2025-06-11;MTR_003;1717;10639;689;;;sobrecalentamiento;2025-06-11;1
2025-06-12;MTR_003;2409;9462;819;;;sobrecalentamiento;2025-06-11;0
2025-06-13;MTR_003;2465;8662;1212;;;sobrecalentamiento;2025-06-11;0
2025-06-14;MTR_003;1941;11564;1145;;;sobrecalentamiento;2025-06-11;0
2025-06-15;MTR_003;3529;9126;1278;;;sobrecalentamiento;2025-06-11;0
2025-06-16;MTR_003;3227;11063;1379;;;sobrecalentamiento;2025-06-11;0
2025-06-17;MTR_003;2903;9172;1326;;;sobrecalentamiento;2025-06-11;0
2025-06-18;MTR_003;2402;11536;805;;;sobrecalentamiento;2025-06-11;0
2025-06-19;MTR_003;2169;12079;828;;;sobrecalentamiento;2025-06-11;0
2025-06-20;MTR_003;2316;10795;637;;;sobrecalentamiento;2025-06-11;0
2025-06-21;MTR_003;3772;11883;1027;;;sobrecalentamiento;2025-06-11;0
2025-06-22;MTR_003;4046;12582;1545;;;sobrecalentamiento;2025-06-11;0
2025-06-23;MTR_003;3117;11234;837;;;sobrecalentamiento;2025-06-11;0
2025-06-24;MTR_003;1863;11846;905;;;sobrecalentamiento;2025-06-11;0
2025-06-25;MTR_003;3633;12177;1015;;;sobrecalentamiento;2025-06-11;0
2025-06-26;MTR_003;1874;10333;1206;;;sobrecalentamiento;2025-06-11;0
2025-06-27;MTR_003;4704;10916;1622;;;sobrecalentamiento;2025-06-11;0
2025-06-28;MTR_003;217;9441;1074;;;sobrecalentamiento;2025-06-11;0
2025-06-29;MTR_003;2332;12349;827;;;sobrecalentamiento;2025-06-11;0
2025-01-01;MTR_004;105;7327;248;;;;;0
2025-01-02;MTR_004;1227;8059;244;;;;;0
2025-01-03;MTR_004;1097;7847;211;;;;;0
2025-01-04;MTR_004;102;7731;285;;;;;0
2025-01-05;MTR_004;113;7425;257;;;;;0
2025-01-06;MTR_004;808;7703;228;;;;;0
2025-01-07;MTR_004;1092;7822;173;;;;;0
2025-01-08;MTR_004;1115;7543;246;;;;;0
2025-01-09;MTR_004;1004;7445;222;;;;;0
2025-01-10;MTR_004;1031;705;207;;;;;0
2025-01-11;MTR_004;88;7461;253;;;;;0
2025-01-12;MTR_004;1032;7943;274;;;;;0
2025-01-13;MTR_004;1042;7535;279;;;;;0
2025-01-14;MTR_004;1051;8072;281;;;;;0
2025-01-15;MTR_004;903;7681;199;;;;;0
2025-01-16;MTR_004;877;7276;237;;;;;0
2025-01-17;MTR_004;89;7963;258;;;;;0
2025-01-18;MTR_004;883;784;232;;;;;0
2025-01-19;MTR_004;916;7448;198;;;;;0
2025-01-20;MTR_004;1132;7516;30;;;;;0
2025-01-21;MTR_004;1024;8043;302;;;;;0
2025-01-22;MTR_004;918;7522;313;;;;;0
2025-01-23;MTR_004;998;6952;252;;;;;0
2025-01-24;MTR_004;1017;7597;266;;;;;0
2025-01-25;MTR_004;1005;723;225;;;;;0
2025-01-26;MTR_004;931;7625;285;;;;;0
2025-01-27;MTR_004;1094;7475;287;;;;;0
2025-01-28;MTR_004;957;761;218;;;;;0
2025-01-29;MTR_004;965;7396;209;;;;;0
2025-01-30;MTR_004;1027;7209;17;;;;;0
2025-01-31;MTR_004;969;7511;297;;;;;0
2025-02-01;MTR_004;104;806;189;;;;;0
2025-02-02;MTR_004;938;7849;177;;;;;0
2025-02-03;MTR_004;1116;7647;29;;;;;0
2025-02-04;MTR_004;1054;745;199;;;;;0
2025-02-05;MTR_004;934;7883;231;;;;;0
2025-02-06;MTR_004;958;795;236;lubricaciÃ³n;2025-02-06;;;0
2025-02-07;MTR_004;1143;7544;308;;;;;0
2025-02-08;MTR_004;1113;7762;319;;;;;0
2025-02-09;MTR_004;98;7957;231;;;;;0
2025-02-10;MTR_004;1052;7683;294;;;;;0
2025-02-11;MTR_004;1119;6924;228;;;;;0
2025-02-12;MTR_004;72;7558;266;;;;;0
2025-02-13;MTR_004;1116;7817;291;;;;;0
2025-02-14;MTR_004;887;7634;284;;;;;0
2025-02-15;MTR_004;1026;7836;243;;;;;0
2025-02-16;MTR_004;996;7714;246;;;;;0
2025-02-17;MTR_004;1151;710;206;;;;;0
2025-02-18;MTR_004;1103;7306;261;;;;;0
2025-02-19;MTR_004;956;7526;313;;;;;0
2025-02-20;MTR_004;88;7848;271;;;;;0
2025-02-21;MTR_004;946;7673;265;;;;;0
2025-02-22;MTR_004;979;7703;29;;;;;0
2025-02-23;MTR_004;929;7479;203;;;;;0
2025-02-24;MTR_004;1058;7297;222;;;;;0
2025-02-25;MTR_004;945;7316;287;;;;;0
2025-02-26;MTR_004;1113;730;271;;;;;0
2025-02-27;MTR_004;1051;7422;183;;;;;0
2025-02-28;MTR_004;1023;7131;183;;;;;0
2025-03-01;MTR_004;787;7564;239;;;;;0
2025-03-02;MTR_004;1165;6875;237;;;;;0
2025-03-03;MTR_004;1059;7325;212;;;;;0
2025-03-04;MTR_004;1135;7619;234;;;;;0
2025-03-05;MTR_004;1067;7786;222;;;;;0
2025-03-06;MTR_004;97;7629;285;;;;;0
2025-03-07;MTR_004;105;7492;174;;;;;0
2025-03-08;MTR_004;988;7325;278;;;;;0
2025-03-09;MTR_004;1228;7372;282;;;;;0
2025-03-10;MTR_004;893;7076;276;;;;;0
2025-03-11;MTR_004;1072;737;27;;;;;0
2025-03-12;MTR_004;866;718;246;;;;;0
2025-03-13;MTR_004;872;7664;227;;;;;0
2025-03-14;MTR_004;992;8107;271;;;;;0
2025-03-15;MTR_004;841;7705;255;;;;;0
2025-03-16;MTR_004;87;7648;204;;;;;0
2025-03-17;MTR_004;886;7933;231;;;;;0
2025-03-18;MTR_004;842;7635;224;;;;;0
2025-03-19;MTR_004;1197;7827;225;;;;;0
2025-03-20;MTR_004;1043;7766;324;;;;;0
2025-03-21;MTR_004;1155;725;296;;;;;0
2025-03-22;MTR_004;1072;7286;259;;;;;0
2025-03-23;MTR_004;1171;7395;281;;;;;0
2025-03-24;MTR_004;938;7598;207;;;;;0
2025-03-25;MTR_004;1104;7564;256;;;;;0
2025-03-26;MTR_004;1061;7439;246;;;;;0
2025-03-27;MTR_004;877;807;248;;;;;0
2025-03-28;MTR_004;1005;7951;241;;;;;0
2025-03-29;MTR_004;984;7467;241;;;;;0
2025-03-30;MTR_004;1014;741;238;;;;;0
2025-03-31;MTR_004;111;7335;271;;;;;0
2025-04-01;MTR_004;1135;7697;185;;;;;0
2025-04-02;MTR_004;866;6996;265;;;;;0
2025-04-03;MTR_004;1099;7897;238;;;;;0
2025-04-04;MTR_004;909;7418;288;;;;;0
2025-04-05;MTR_004;973;7539;247;;;;;0
2025-04-06;MTR_004;875;7672;137;;;;;0
2025-04-07;MTR_004;1053;7167;224;;;;;0
2025-04-08;MTR_004;964;771;239;;;;;0
2025-04-09;MTR_004;937;7198;245;;;;;0
2025-04-10;MTR_004;104;777;216;;;;;0
2025-04-11;MTR_004;925;7823;259;;;;;0
2025-04-12;MTR_004;1043;7738;312;;;;;0
2025-04-13;MTR_004;105;7746;209;;;;;0
2025-04-14;MTR_004;1128;7413;262;;;;;0
2025-04-15;MTR_004;1085;7439;268;;;;;0
2025-04-16;MTR_004;124;750;242;;;;;0
2025-04-17;MTR_004;95;7417;201;;;;;0
2025-04-18;MTR_004;918;725;28;;;;;0
2025-04-19;MTR_004;998;6995;283;;;;;0
2025-04-20;MTR_004;885;7211;242;;;;;0
2025-04-21;MTR_004;982;7314;276;;;;;0
2025-04-22;MTR_004;937;7618;225;;;;;0
2025-04-23;MTR_004;1162;8006;19;;;;;0
2025-04-24;MTR_004;1023;7351;264;;;;;0
2025-04-25;MTR_004;981;7351;28;;;;;0
2025-04-26;MTR_004;913;7553;256;;;;;0
2025-04-27;MTR_004;93;7404;162;;;;;0
2025-04-28;MTR_004;862;7049;229;;;;;0
2025-04-29;MTR_004;1132;7398;24;;;;;0
2025-04-30;MTR_004;995;7552;238;;;;;0
2025-05-01;MTR_004;952;7226;249;;;;;0
2025-05-02;MTR_004;1066;731;278;;;;;0
2025-05-03;MTR_004;776;7841;26;;;;;0
2025-05-04;MTR_004;872;776;243;;;;;0
2025-05-05;MTR_004;986;7602;262;;;;;0
2025-05-06;MTR_004;873;7473;231;;;;;0
2025-05-07;MTR_004;1264;7428;229;;;;;0
2025-05-08;MTR_004;948;7877;247;;;;;0
2025-05-09;MTR_004;1023;776;184;;;;;0
2025-05-10;MTR_004;793;712;287;;;;;0
2025-05-11;MTR_004;975;7869;279;;;;;0
2025-05-12;MTR_004;966;7664;31;;;;;0
2025-05-13;MTR_004;907;7374;267;;;;;0
2025-05-14;MTR_004;1094;7507;253;;;;;0
2025-05-15;MTR_004;817;7442;263;;;;;0
2025-05-16;MTR_004;1067;7391;237;;;;;0
2025-05-17;MTR_004;1188;670;226;;;;;0
2025-05-18;MTR_004;1035;737;138;;;;;0
2025-05-19;MTR_004;961;7574;324;reemplazo;2025-05-19;;;0
2025-05-20;MTR_004;899;7579;289;;;;;0
2025-05-21;MTR_004;1059;7505;281;;;;;0
2025-05-22;MTR_004;967;7709;354;;;;;0
2025-05-23;MTR_004;1141;7626;218;;;;;0
2025-05-24;MTR_004;1144;7553;251;;;;;0
2025-05-25;MTR_004;1177;7495;258;;;;;0
2025-05-26;MTR_004;927;7727;156;;;;;0
2025-05-27;MTR_004;1132;7834;231;;;;;0
2025-05-28;MTR_004;98;7342;266;;;;;0
2025-05-29;MTR_004;97;7169;235;;;;;0
2025-05-30;MTR_004;909;7823;206;;;;;0
2025-05-31;MTR_004;94;7489;27;;;;;0
2025-06-01;MTR_004;994;7101;241;;;;;0
2025-06-02;MTR_004;1023;7392;214;;;;;0
2025-06-03;MTR_004;853;779;167;;;;;0
2025-06-04;MTR_004;944;7503;208;;;;;0
2025-06-05;MTR_004;918;7421;323;;;;;0
2025-06-06;MTR_004;999;7407;231;;;;;0
2025-06-07;MTR_004;997;7828;203;;;;;0
2025-06-08;MTR_004;1051;7666;267;;;;;0
2025-06-09;MTR_004;917;7118;287;;;;;0
2025-06-10;MTR_004;1022;783;274;;;;;0
2025-06-11;MTR_004;982;732;254;;;;;0
2025-06-12;MTR_004;885;7527;278;;;;;0
2025-06-13;MTR_004;989;7681;206;lubricaciÃ³n;2025-06-13;;;0
2025-06-14;MTR_004;919;7131;254;;;;;0
2025-06-15;MTR_004;919;7377;236;;;;;0
2025-06-16;MTR_004;1101;8106;277;;;;;0
2025-06-17;MTR_004;1051;8013;196;;;;;0
2025-06-18;MTR_004;1217;7828;213;;;;;0
2025-06-19;MTR_004;1036;7342;256;;;;;0
2025-06-20;MTR_004;994;7324;277;;;;;0
2025-06-21;MTR_004;877;6704;212;;;;;0
2025-06-22;MTR_004;1108;7405;259;;;;;0
2025-06-23;MTR_004;1063;8244;251;;;;;0
2025-06-24;MTR_004;855;745;262;;;;;0
2025-06-25;MTR_004;1057;7691;225;;;;;0
2025-06-26;MTR_004;1008;7431;26;;;;;0
2025-06-27;MTR_004;969;6937;211;;;;;0
2025-06-28;MTR_004;901;7653;262;;;;;0
2025-06-29;MTR_004;94;7952;333;;;;;0
2025-01-01;MTR_005;902;724;357;;;sobrecalentamiento;2025-06-19;0
2025-01-02;MTR_005;1127;7799;31;;;sobrecalentamiento;2025-06-19;0
2025-01-03;MTR_005;956;701;211;;;sobrecalentamiento;2025-06-19;0
2025-01-04;MTR_005;99;7292;306;;;sobrecalentamiento;2025-06-19;0
2025-01-05;MTR_005;1036;7835;232;;;sobrecalentamiento;2025-06-19;0
2025-01-06;MTR_005;822;7981;274;;;sobrecalentamiento;2025-06-19;0
2025-01-07;MTR_005;87;7322;192;;;sobrecalentamiento;2025-06-19;0
2025-01-08;MTR_005;869;7983;279;;;sobrecalentamiento;2025-06-19;0
2025-01-09;MTR_005;1011;8242;243;;;sobrecalentamiento;2025-06-19;0
2025-01-10;MTR_005;674;7852;196;;;sobrecalentamiento;2025-06-19;0
2025-01-11;MTR_005;935;7305;311;;;sobrecalentamiento;2025-06-19;0
2025-01-12;MTR_005;1124;7261;286;;;sobrecalentamiento;2025-06-19;0
2025-01-13;MTR_005;971;7834;272;;;sobrecalentamiento;2025-06-19;0
2025-01-14;MTR_005;999;7816;211;;;sobrecalentamiento;2025-06-19;0
2025-01-15;MTR_005;1001;8361;356;;;sobrecalentamiento;2025-06-19;0
2025-01-16;MTR_005;916;7857;345;;;sobrecalentamiento;2025-06-19;0
2025-01-17;MTR_005;901;7553;158;;;sobrecalentamiento;2025-06-19;0
2025-01-18;MTR_005;1046;7504;29;;;sobrecalentamiento;2025-06-19;0
2025-01-19;MTR_005;969;7503;246;;;sobrecalentamiento;2025-06-19;0
2025-01-20;MTR_005;1053;7027;272;;;sobrecalentamiento;2025-06-19;0
2025-01-21;MTR_005;1092;7273;262;;;sobrecalentamiento;2025-06-19;0
2025-01-22;MTR_005;967;7345;253;;;sobrecalentamiento;2025-06-19;0
2025-01-23;MTR_005;874;7994;249;;;sobrecalentamiento;2025-06-19;0
2025-01-24;MTR_005;1141;8039;261;;;sobrecalentamiento;2025-06-19;0
2025-01-25;MTR_005;86;7622;315;;;sobrecalentamiento;2025-06-19;0
2025-01-26;MTR_005;1039;7486;303;;;sobrecalentamiento;2025-06-19;0
2025-01-27;MTR_005;1036;7273;294;;;sobrecalentamiento;2025-06-19;0
2025-01-28;MTR_005;99;7395;247;;;sobrecalentamiento;2025-06-19;0
2025-01-29;MTR_005;979;7748;115;;;sobrecalentamiento;2025-06-19;0
2025-01-30;MTR_005;1272;7736;246;;;sobrecalentamiento;2025-06-19;0
2025-01-31;MTR_005;1032;7557;265;;;sobrecalentamiento;2025-06-19;0
2025-02-01;MTR_005;918;7658;215;;;sobrecalentamiento;2025-06-19;0
2025-02-02;MTR_005;1011;7485;23;;;sobrecalentamiento;2025-06-19;0
2025-02-03;MTR_005;896;7035;201;;;sobrecalentamiento;2025-06-19;0
2025-02-04;MTR_005;1077;7978;219;;;sobrecalentamiento;2025-06-19;0
2025-02-05;MTR_005;108;7489;278;;;sobrecalentamiento;2025-06-19;0
2025-02-06;MTR_005;976;7417;221;;;sobrecalentamiento;2025-06-19;0
2025-02-07;MTR_005;898;6717;162;;;sobrecalentamiento;2025-06-19;0
2025-02-08;MTR_005;999;775;252;;;sobrecalentamiento;2025-06-19;0
2025-02-09;MTR_005;1064;7416;267;;;sobrecalentamiento;2025-06-19;0
2025-02-10;MTR_005;908;7344;305;;;sobrecalentamiento;2025-06-19;0
2025-02-11;MTR_005;774;7911;215;;;sobrecalentamiento;2025-06-19;0
2025-02-12;MTR_005;919;7645;248;;;sobrecalentamiento;2025-06-19;0
2025-02-13;MTR_005;951;7705;30;;;sobrecalentamiento;2025-06-19;0
2025-02-14;MTR_005;1015;7138;313;;;sobrecalentamiento;2025-06-19;0
2025-02-15;MTR_005;846;7828;224;;;sobrecalentamiento;2025-06-19;0
2025-02-16;MTR_005;1004;7514;326;;;sobrecalentamiento;2025-06-19;0
2025-02-17;MTR_005;1018;7286;288;;;sobrecalentamiento;2025-06-19;0
2025-02-18;MTR_005;1073;7713;295;;;sobrecalentamiento;2025-06-19;0
2025-02-19;MTR_005;1111;7495;35;;;sobrecalentamiento;2025-06-19;0
2025-02-20;MTR_005;101;766;269;;;sobrecalentamiento;2025-06-19;0
2025-02-21;MTR_005;1055;7792;166;;;sobrecalentamiento;2025-06-19;0
2025-02-22;MTR_005;895;7737;266;;;sobrecalentamiento;2025-06-19;0
2025-02-23;MTR_005;1015;7848;246;;;sobrecalentamiento;2025-06-19;0
2025-02-24;MTR_005;979;7923;195;;;sobrecalentamiento;2025-06-19;0
2025-02-25;MTR_005;1008;801;182;;;sobrecalentamiento;2025-06-19;0
2025-02-26;MTR_005;107;6836;312;;;sobrecalentamiento;2025-06-19;0
2025-02-27;MTR_005;1109;732;202;;;sobrecalentamiento;2025-06-19;0
2025-02-28;MTR_005;1123;7408;177;;;sobrecalentamiento;2025-06-19;0
2025-03-01;MTR_005;995;7983;225;;;sobrecalentamiento;2025-06-19;0
2025-03-02;MTR_005;95;7839;276;;;sobrecalentamiento;2025-06-19;0
2025-03-03;MTR_005;1005;749;166;;;sobrecalentamiento;2025-06-19;0
2025-03-04;MTR_005;1011;7129;273;;;sobrecalentamiento;2025-06-19;0
2025-03-05;MTR_005;982;7543;223;;;sobrecalentamiento;2025-06-19;0
2025-03-06;MTR_005;1073;7854;229;;;sobrecalentamiento;2025-06-19;0
2025-03-07;MTR_005;921;7671;276;;;sobrecalentamiento;2025-06-19;0
2025-03-08;MTR_005;994;703;321;;;sobrecalentamiento;2025-06-19;0
2025-03-09;MTR_005;1153;702;293;;;sobrecalentamiento;2025-06-19;0
2025-03-10;MTR_005;101;7984;266;;;sobrecalentamiento;2025-06-19;0
2025-03-11;MTR_005;973;7586;24;;;sobrecalentamiento;2025-06-19;0
2025-03-12;MTR_005;984;7792;229;;;sobrecalentamiento;2025-06-19;0
2025-03-13;MTR_005;96;7515;257;;;sobrecalentamiento;2025-06-19;0
2025-03-14;MTR_005;988;7741;226;;;sobrecalentamiento;2025-06-19;0
2025-03-15;MTR_005;894;7511;225;;;sobrecalentamiento;2025-06-19;0
2025-03-16;MTR_005;944;6908;212;;;sobrecalentamiento;2025-06-19;0
2025-03-17;MTR_005;883;7408;241;;;sobrecalentamiento;2025-06-19;0
2025-03-18;MTR_005;1105;7911;234;;;sobrecalentamiento;2025-06-19;0
2025-03-19;MTR_005;985;7427;295;;;sobrecalentamiento;2025-06-19;0
2025-03-20;MTR_005;1107;7729;22;;;sobrecalentamiento;2025-06-19;0
2025-03-21;MTR_005;966;7251;255;;;sobrecalentamiento;2025-06-19;0
2025-03-22;MTR_005;893;729;263;;;sobrecalentamiento;2025-06-19;0
2025-03-23;MTR_005;927;712;245;;;sobrecalentamiento;2025-06-19;0
2025-03-24;MTR_005;827;7895;211;lubricaciÃ³n;2025-03-24;sobrecalentamiento;2025-06-19;0
2025-03-25;MTR_005;936;7435;242;;;sobrecalentamiento;2025-06-19;0
2025-03-26;MTR_005;1007;7738;345;;;sobrecalentamiento;2025-06-19;0
2025-03-27;MTR_005;1021;6966;258;;;sobrecalentamiento;2025-06-19;0
2025-03-28;MTR_005;99;8136;277;;;sobrecalentamiento;2025-06-19;0
2025-03-29;MTR_005;901;7519;154;;;sobrecalentamiento;2025-06-19;0
2025-03-30;MTR_005;1085;730;329;;;sobrecalentamiento;2025-06-19;0
2025-03-31;MTR_005;1061;7677;279;;;sobrecalentamiento;2025-06-19;0
2025-04-01;MTR_005;1037;7146;336;;;sobrecalentamiento;2025-06-19;0
2025-04-02;MTR_005;1118;7298;197;;;sobrecalentamiento;2025-06-19;0
2025-04-03;MTR_005;949;7445;25;;;sobrecalentamiento;2025-06-19;0
2025-04-04;MTR_005;1026;7289;234;;;sobrecalentamiento;2025-06-19;0
2025-04-05;MTR_005;1023;7777;253;;;sobrecalentamiento;2025-06-19;0
2025-04-06;MTR_005;879;7651;255;;;sobrecalentamiento;2025-06-19;0
2025-04-07;MTR_005;972;704;225;;;sobrecalentamiento;2025-06-19;0
2025-04-08;MTR_005;973;6984;225;;;sobrecalentamiento;2025-06-19;0
2025-04-09;MTR_005;1001;7269;263;;;sobrecalentamiento;2025-06-19;0
2025-04-10;MTR_005;892;7519;239;;;sobrecalentamiento;2025-06-19;0
2025-04-11;MTR_005;1068;7725;236;;;sobrecalentamiento;2025-06-19;0
2025-04-12;MTR_005;112;7618;206;;;sobrecalentamiento;2025-06-19;0
2025-04-13;MTR_005;1014;7676;26;;;sobrecalentamiento;2025-06-19;0
2025-04-14;MTR_005;1133;8178;225;;;sobrecalentamiento;2025-06-19;0
2025-04-15;MTR_005;1019;7505;238;;;sobrecalentamiento;2025-06-19;0
2025-04-16;MTR_005;1022;7614;269;;;sobrecalentamiento;2025-06-19;0
2025-04-17;MTR_005;1011;7705;29;;;sobrecalentamiento;2025-06-19;0
2025-04-18;MTR_005;1053;7772;202;;;sobrecalentamiento;2025-06-19;0
2025-04-19;MTR_005;1044;7759;25;;;sobrecalentamiento;2025-06-19;0
2025-04-20;MTR_005;89;757;279;;;sobrecalentamiento;2025-06-19;0
2025-04-21;MTR_005;903;7481;235;;;sobrecalentamiento;2025-06-19;0
2025-04-22;MTR_005;908;7241;197;;;sobrecalentamiento;2025-06-19;0
2025-04-23;MTR_005;892;6741;20;;;sobrecalentamiento;2025-06-19;0
2025-04-24;MTR_005;1086;7642;241;;;sobrecalentamiento;2025-06-19;0
2025-04-25;MTR_005;992;7507;246;;;sobrecalentamiento;2025-06-19;0
2025-04-26;MTR_005;938;7846;266;;;sobrecalentamiento;2025-06-19;0
2025-04-27;MTR_005;86;8145;269;;;sobrecalentamiento;2025-06-19;0
2025-04-28;MTR_005;851;7198;303;;;sobrecalentamiento;2025-06-19;0
2025-04-29;MTR_005;1125;7652;316;;;sobrecalentamiento;2025-06-19;0
2025-04-30;MTR_005;1057;809;209;;;sobrecalentamiento;2025-06-19;0
2025-05-01;MTR_005;1009;7869;251;;;sobrecalentamiento;2025-06-19;0
2025-05-02;MTR_005;944;7653;287;;;sobrecalentamiento;2025-06-19;0
2025-05-03;MTR_005;1019;7453;334;;;sobrecalentamiento;2025-06-19;0
2025-05-04;MTR_005;1214;7635;346;;;sobrecalentamiento;2025-06-19;0
2025-05-05;MTR_005;1148;7584;272;;;sobrecalentamiento;2025-06-19;0
2025-05-06;MTR_005;1371;7169;363;;;sobrecalentamiento;2025-06-19;0
2025-05-07;MTR_005;128;822;308;;;sobrecalentamiento;2025-06-19;0
2025-05-08;MTR_005;1258;7573;287;;;sobrecalentamiento;2025-06-19;0
2025-05-09;MTR_005;1407;7484;418;;;sobrecalentamiento;2025-06-19;0
2025-05-10;MTR_005;1371;8231;413;;;sobrecalentamiento;2025-06-19;0
2025-05-11;MTR_005;1773;8021;37;;;sobrecalentamiento;2025-06-19;0
2025-05-12;MTR_005;1526;7794;282;reemplazo;2025-05-12;sobrecalentamiento;2025-06-19;0
2025-05-13;MTR_005;1336;8178;417;;;sobrecalentamiento;2025-06-19;0
2025-05-14;MTR_005;1262;8834;443;;;sobrecalentamiento;2025-06-19;0
2025-05-15;MTR_005;1746;8001;56;;;sobrecalentamiento;2025-06-19;0
2025-05-16;MTR_005;1425;8576;579;;;sobrecalentamiento;2025-06-19;0
2025-05-17;MTR_005;1495;7979;468;;;sobrecalentamiento;2025-06-19;0
2025-05-18;MTR_005;193;8171;599;;;sobrecalentamiento;2025-06-19;0
2025-05-19;MTR_005;1065;817;51;;;sobrecalentamiento;2025-06-19;0
2025-05-20;MTR_005;1569;8171;636;;;sobrecalentamiento;2025-06-19;1
2025-05-21;MTR_005;2088;8579;539;;;sobrecalentamiento;2025-06-19;1
2025-05-22;MTR_005;224;7864;535;;;sobrecalentamiento;2025-06-19;1
2025-05-23;MTR_005;1827;8399;413;;;sobrecalentamiento;2025-06-19;1
2025-05-24;MTR_005;1399;9146;581;;;sobrecalentamiento;2025-06-19;1
2025-05-25;MTR_005;1586;8772;488;;;sobrecalentamiento;2025-06-19;1
2025-05-26;MTR_005;1586;8909;53;;;sobrecalentamiento;2025-06-19;1
2025-05-27;MTR_005;1997;9929;705;;;sobrecalentamiento;2025-06-19;1
2025-05-28;MTR_005;2059;9457;718;;;sobrecalentamiento;2025-06-19;1
2025-05-29;MTR_005;1814;9397;499;;;sobrecalentamiento;2025-06-19;1
2025-05-30;MTR_005;1853;9788;793;;;sobrecalentamiento;2025-06-19;1
2025-05-31;MTR_005;1684;8069;563;;;sobrecalentamiento;2025-06-19;1
2025-06-01;MTR_005;2098;9763;706;;;sobrecalentamiento;2025-06-19;1
2025-06-02;MTR_005;2059;8781;518;;;sobrecalentamiento;2025-06-19;1
2025-06-03;MTR_005;2213;944;804;;;sobrecalentamiento;2025-06-19;1
2025-06-04;MTR_005;264;923;685;;;sobrecalentamiento;2025-06-19;1
2025-06-05;MTR_005;2474;9748;484;ajuste;2025-06-05;sobrecalentamiento;2025-06-19;1
2025-06-06;MTR_005;1915;8364;485;;;sobrecalentamiento;2025-06-19;1
2025-06-07;MTR_005;2447;8585;617;;;sobrecalentamiento;2025-06-19;1
2025-06-08;MTR_005;2811;9115;931;;;sobrecalentamiento;2025-06-19;1
2025-06-09;MTR_005;1702;9761;545;;;sobrecalentamiento;2025-06-19;1
2025-06-10;MTR_005;1804;10324;591;;;sobrecalentamiento;2025-06-19;1
2025-06-11;MTR_005;2308;8337;631;;;sobrecalentamiento;2025-06-19;1
2025-06-12;MTR_005;300;943;816;;;sobrecalentamiento;2025-06-19;1
2025-06-13;MTR_005;2421;8463;1048;;;sobrecalentamiento;2025-06-19;1
2025-06-14;MTR_005;161;10609;689;;;sobrecalentamiento;2025-06-19;1
2025-06-15;MTR_005;2293;10109;656;;;sobrecalentamiento;2025-06-19;1
2025-06-16;MTR_005;1742;8403;704;;;sobrecalentamiento;2025-06-19;1
2025-06-17;MTR_005;3402;9279;68;;;sobrecalentamiento;2025-06-19;1
2025-06-18;MTR_005;1852;10003;1302;;;sobrecalentamiento;2025-06-19;1
2025-06-19;MTR_005;3259;10101;895;;;sobrecalentamiento;2025-06-19;1
2025-06-20;MTR_005;212;10748;861;;;sobrecalentamiento;2025-06-19;0
2025-06-21;MTR_005;1534;918;627;;;sobrecalentamiento;2025-06-19;0
2025-06-22;MTR_005;2205;8712;694;;;sobrecalentamiento;2025-06-19;0
2025-06-23;MTR_005;2361;10871;1157;;;sobrecalentamiento;2025-06-19;0
2025-06-24;MTR_005;3286;8881;1209;;;sobrecalentamiento;2025-06-19;0
2025-06-25;MTR_005;3199;8595;1318;;;sobrecalentamiento;2025-06-19;0
2025-06-26;MTR_005;214;11619;1173;;;sobrecalentamiento;2025-06-19;0
2025-06-27;MTR_005;389;10947;487;;;sobrecalentamiento;2025-06-19;0
2025-06-28;MTR_005;3386;10992;793;;;sobrecalentamiento;2025-06-19;0
2025-06-29;MTR_005;3144;10228;641;;;sobrecalentamiento;2025-06-19;0
2025-01-01;MTR_006;1047;7987;193;;;mecÃ¡nica;2025-06-26;0
2025-01-02;MTR_006;120;7229;238;;;mecÃ¡nica;2025-06-26;0
2025-01-03;MTR_006;884;7278;252;;;mecÃ¡nica;2025-06-26;0
2025-01-04;MTR_006;927;7138;232;;;mecÃ¡nica;2025-06-26;0
2025-01-05;MTR_006;828;787;228;;;mecÃ¡nica;2025-06-26;0
2025-01-06;MTR_006;115;7916;221;;;mecÃ¡nica;2025-06-26;0
2025-01-07;MTR_006;831;7255;256;;;mecÃ¡nica;2025-06-26;0
2025-01-08;MTR_006;1052;7719;25;;;mecÃ¡nica;2025-06-26;0
2025-01-09;MTR_006;921;7075;258;;;mecÃ¡nica;2025-06-26;0
2025-01-10;MTR_006;988;7186;192;;;mecÃ¡nica;2025-06-26;0
2025-01-11;MTR_006;933;7315;264;;;mecÃ¡nica;2025-06-26;0
2025-01-12;MTR_006;1023;7171;26;;;mecÃ¡nica;2025-06-26;0
2025-01-13;MTR_006;1102;7458;243;;;mecÃ¡nica;2025-06-26;0
2025-01-14;MTR_006;1048;779;279;;;mecÃ¡nica;2025-06-26;0
2025-01-15;MTR_006;948;7504;281;;;mecÃ¡nica;2025-06-26;0
2025-01-16;MTR_006;1004;7575;293;;;mecÃ¡nica;2025-06-26;0
2025-01-17;MTR_006;1074;6944;254;;;mecÃ¡nica;2025-06-26;0
2025-01-18;MTR_006;116;7429;283;;;mecÃ¡nica;2025-06-26;0
2025-01-19;MTR_006;1076;767;239;;;mecÃ¡nica;2025-06-26;0
2025-01-20;MTR_006;82;769;297;;;mecÃ¡nica;2025-06-26;0
2025-01-21;MTR_006;959;7266;334;;;mecÃ¡nica;2025-06-26;0
2025-01-22;MTR_006;1041;6887;298;;;mecÃ¡nica;2025-06-26;0
2025-01-23;MTR_006;967;7214;206;;;mecÃ¡nica;2025-06-26;0
2025-01-24;MTR_006;1172;7972;229;;;mecÃ¡nica;2025-06-26;0
2025-01-25;MTR_006;1135;7615;221;;;mecÃ¡nica;2025-06-26;0
2025-01-26;MTR_006;958;7504;318;;;mecÃ¡nica;2025-06-26;0
2025-01-27;MTR_006;969;7446;274;;;mecÃ¡nica;2025-06-26;0
2025-01-28;MTR_006;1011;7657;273;;;mecÃ¡nica;2025-06-26;0
2025-01-29;MTR_006;1024;7741;279;;;mecÃ¡nica;2025-06-26;0
2025-01-30;MTR_006;902;7323;263;;;mecÃ¡nica;2025-06-26;0
2025-01-31;MTR_006;1139;746;233;;;mecÃ¡nica;2025-06-26;0
2025-02-01;MTR_006;857;7675;235;;;mecÃ¡nica;2025-06-26;0
2025-02-02;MTR_006;957;7812;294;;;mecÃ¡nica;2025-06-26;0
2025-02-03;MTR_006;965;7293;269;;;mecÃ¡nica;2025-06-26;0
2025-02-04;MTR_006;1183;7322;24;;;mecÃ¡nica;2025-06-26;0
2025-02-05;MTR_006;1055;7031;275;;;mecÃ¡nica;2025-06-26;0
2025-02-06;MTR_006;1003;7504;181;;;mecÃ¡nica;2025-06-26;0
2025-02-07;MTR_006;932;778;26;;;mecÃ¡nica;2025-06-26;0
2025-02-08;MTR_006;1014;7327;301;;;mecÃ¡nica;2025-06-26;0
2025-02-09;MTR_006;112;7097;221;;;mecÃ¡nica;2025-06-26;0
2025-02-10;MTR_006;1185;7645;228;;;mecÃ¡nica;2025-06-26;0
2025-02-11;MTR_006;995;7254;243;;;mecÃ¡nica;2025-06-26;0
2025-02-12;MTR_006;98;7251;254;;;mecÃ¡nica;2025-06-26;0
2025-02-13;MTR_006;882;7906;217;;;mecÃ¡nica;2025-06-26;0
2025-02-14;MTR_006;982;7614;304;;;mecÃ¡nica;2025-06-26;0
2025-02-15;MTR_006;108;7209;284;;;mecÃ¡nica;2025-06-26;0
2025-02-16;MTR_006;991;7737;181;;;mecÃ¡nica;2025-06-26;0
2025-02-17;MTR_006;1054;7876;288;;;mecÃ¡nica;2025-06-26;0
2025-02-18;MTR_006;1046;7479;278;;;mecÃ¡nica;2025-06-26;0
2025-02-19;MTR_006;1126;7941;233;;;mecÃ¡nica;2025-06-26;0
2025-02-20;MTR_006;992;7519;32;;;mecÃ¡nica;2025-06-26;0
2025-02-21;MTR_006;835;779;256;;;mecÃ¡nica;2025-06-26;0
2025-02-22;MTR_006;1015;7031;321;;;mecÃ¡nica;2025-06-26;0
2025-02-23;MTR_006;1165;7304;189;;;mecÃ¡nica;2025-06-26;0
2025-02-24;MTR_006;97;7388;32;;;mecÃ¡nica;2025-06-26;0
2025-02-25;MTR_006;1116;7757;291;;;mecÃ¡nica;2025-06-26;0
2025-02-26;MTR_006;1049;7018;243;;;mecÃ¡nica;2025-06-26;0
2025-02-27;MTR_006;1188;7366;20;;;mecÃ¡nica;2025-06-26;0
2025-02-28;MTR_006;1056;7199;243;;;mecÃ¡nica;2025-06-26;0
2025-03-01;MTR_006;901;7095;188;;;mecÃ¡nica;2025-06-26;0
2025-03-02;MTR_006;881;7278;247;;;mecÃ¡nica;2025-06-26;0
2025-03-03;MTR_006;1142;7082;348;;;mecÃ¡nica;2025-06-26;0
2025-03-04;MTR_006;1061;7774;266;;;mecÃ¡nica;2025-06-26;0
2025-03-05;MTR_006;846;7243;218;;;mecÃ¡nica;2025-06-26;0
2025-03-06;MTR_006;1049;7857;293;reemplazo;2025-03-06;mecÃ¡nica;2025-06-26;0
2025-03-07;MTR_006;1027;7625;286;;;mecÃ¡nica;2025-06-26;0
2025-03-08;MTR_006;996;7991;219;;;mecÃ¡nica;2025-06-26;0
2025-03-09;MTR_006;848;7151;27;;;mecÃ¡nica;2025-06-26;0
2025-03-10;MTR_006;982;698;223;;;mecÃ¡nica;2025-06-26;0
2025-03-11;MTR_006;1093;7866;335;;;mecÃ¡nica;2025-06-26;0
2025-03-12;MTR_006;1108;7645;305;;;mecÃ¡nica;2025-06-26;0
2025-03-13;MTR_006;899;7755;28;;;mecÃ¡nica;2025-06-26;0
2025-03-14;MTR_006;1108;7827;219;;;mecÃ¡nica;2025-06-26;0
2025-03-15;MTR_006;1024;7228;254;;;mecÃ¡nica;2025-06-26;0
2025-03-16;MTR_006;95;7746;287;;;mecÃ¡nica;2025-06-26;0
2025-03-17;MTR_006;1004;8011;293;;;mecÃ¡nica;2025-06-26;0
2025-03-18;MTR_006;933;6863;236;;;mecÃ¡nica;2025-06-26;0
2025-03-19;MTR_006;1134;7653;237;;;mecÃ¡nica;2025-06-26;0
2025-03-20;MTR_006;1113;7792;214;;;mecÃ¡nica;2025-06-26;0
2025-03-21;MTR_006;96;7498;239;;;mecÃ¡nica;2025-06-26;0
2025-03-22;MTR_006;1052;7455;258;;;mecÃ¡nica;2025-06-26;0
2025-03-23;MTR_006;1062;7615;217;;;mecÃ¡nica;2025-06-26;0
2025-03-24;MTR_006;718;7678;316;;;mecÃ¡nica;2025-06-26;0
2025-03-25;MTR_006;1092;7779;228;;;mecÃ¡nica;2025-06-26;0
2025-03-26;MTR_006;110;7422;253;;;mecÃ¡nica;2025-06-26;0
2025-03-27;MTR_006;992;6741;278;;;mecÃ¡nica;2025-06-26;0
2025-03-28;MTR_006;955;6748;224;;;mecÃ¡nica;2025-06-26;0
2025-03-29;MTR_006;1021;7141;172;;;mecÃ¡nica;2025-06-26;0
2025-03-30;MTR_006;1034;7277;198;;;mecÃ¡nica;2025-06-26;0
2025-03-31;MTR_006;1253;7003;216;;;mecÃ¡nica;2025-06-26;0
2025-04-01;MTR_006;1016;7418;20;;;mecÃ¡nica;2025-06-26;0
2025-04-02;MTR_006;1131;8057;238;;;mecÃ¡nica;2025-06-26;0
2025-04-03;MTR_006;907;7293;191;;;mecÃ¡nica;2025-06-26;0
2025-04-04;MTR_006;981;7227;267;;;mecÃ¡nica;2025-06-26;0
2025-04-05;MTR_006;1121;7361;312;;;mecÃ¡nica;2025-06-26;0
2025-04-06;MTR_006;1142;742;241;;;mecÃ¡nica;2025-06-26;0
2025-04-07;MTR_006;1315;7085;209;lubricaciÃ³n;2025-04-07;mecÃ¡nica;2025-06-26;0
2025-04-08;MTR_006;1046;7663;272;;;mecÃ¡nica;2025-06-26;0
2025-04-09;MTR_006;1133;7603;235;;;mecÃ¡nica;2025-06-26;0
2025-04-10;MTR_006;1052;7749;181;;;mecÃ¡nica;2025-06-26;0
2025-04-11;MTR_006;1077;7728;248;;;mecÃ¡nica;2025-06-26;0
2025-04-12;MTR_006;895;7232;214;;;mecÃ¡nica;2025-06-26;0
2025-04-13;MTR_006;989;7789;207;;;mecÃ¡nica;2025-06-26;0
2025-04-14;MTR_006;937;749;28;;;mecÃ¡nica;2025-06-26;0
2025-04-15;MTR_006;1068;7175;182;;;mecÃ¡nica;2025-06-26;0
2025-04-16;MTR_006;999;7762;197;;;mecÃ¡nica;2025-06-26;0
2025-04-17;MTR_006;128;7145;292;;;mecÃ¡nica;2025-06-26;0
2025-04-18;MTR_006;796;7472;251;;;mecÃ¡nica;2025-06-26;0
2025-04-19;MTR_006;1019;7994;244;;;mecÃ¡nica;2025-06-26;0
2025-04-20;MTR_006;992;7261;208;;;mecÃ¡nica;2025-06-26;0
2025-04-21;MTR_006;1092;7351;286;;;mecÃ¡nica;2025-06-26;0
2025-04-22;MTR_006;1002;7616;294;;;mecÃ¡nica;2025-06-26;0
2025-04-23;MTR_006;1125;7293;263;;;mecÃ¡nica;2025-06-26;0
2025-04-24;MTR_006;871;7779;293;;;mecÃ¡nica;2025-06-26;0
2025-04-25;MTR_006;106;7487;314;;;mecÃ¡nica;2025-06-26;0
2025-04-26;MTR_006;1061;7505;209;;;mecÃ¡nica;2025-06-26;0
2025-04-27;MTR_006;104;7378;204;;;mecÃ¡nica;2025-06-26;0
2025-04-28;MTR_006;1135;7378;268;;;mecÃ¡nica;2025-06-26;0
2025-04-29;MTR_006;934;7089;235;;;mecÃ¡nica;2025-06-26;0
2025-04-30;MTR_006;1017;7477;172;;;mecÃ¡nica;2025-06-26;0
2025-05-01;MTR_006;1086;7233;218;;;mecÃ¡nica;2025-06-26;0
2025-05-02;MTR_006;936;7779;175;;;mecÃ¡nica;2025-06-26;0
2025-05-03;MTR_006;775;7913;237;;;mecÃ¡nica;2025-06-26;0
2025-05-04;MTR_006;1111;7585;199;;;mecÃ¡nica;2025-06-26;0
2025-05-05;MTR_006;949;7768;319;;;mecÃ¡nica;2025-06-26;0
2025-05-06;MTR_006;1004;7564;239;;;mecÃ¡nica;2025-06-26;0
2025-05-07;MTR_006;1093;7481;257;;;mecÃ¡nica;2025-06-26;0
2025-05-08;MTR_006;1093;816;284;;;mecÃ¡nica;2025-06-26;0
2025-05-09;MTR_006;1061;6562;243;;;mecÃ¡nica;2025-06-26;0
2025-05-10;MTR_006;1007;7506;218;;;mecÃ¡nica;2025-06-26;0
2025-05-11;MTR_006;1007;7447;306;;;mecÃ¡nica;2025-06-26;0
2025-05-12;MTR_006;869;7355;328;;;mecÃ¡nica;2025-06-26;0
2025-05-13;MTR_006;1049;7881;174;;;mecÃ¡nica;2025-06-26;0
2025-05-14;MTR_006;1095;7499;236;;;mecÃ¡nica;2025-06-26;0
2025-05-15;MTR_006;1088;7786;20;;;mecÃ¡nica;2025-06-26;0
2025-05-16;MTR_006;1073;8127;315;;;mecÃ¡nica;2025-06-26;0
2025-05-17;MTR_006;1015;7371;286;;;mecÃ¡nica;2025-06-26;0
2025-05-18;MTR_006;1119;7539;259;;;mecÃ¡nica;2025-06-26;0
2025-05-19;MTR_006;978;7604;34;;;mecÃ¡nica;2025-06-26;0
2025-05-20;MTR_006;1066;8042;413;;;mecÃ¡nica;2025-06-26;0
2025-05-21;MTR_006;1124;8307;319;;;mecÃ¡nica;2025-06-26;0
2025-05-22;MTR_006;1192;7659;345;;;mecÃ¡nica;2025-06-26;0
2025-05-23;MTR_006;1199;7928;292;;;mecÃ¡nica;2025-06-26;0
2025-05-24;MTR_006;1258;816;316;;;mecÃ¡nica;2025-06-26;0
2025-05-25;MTR_006;1215;7533;42;;;mecÃ¡nica;2025-06-26;0
2025-05-26;MTR_006;100;8042;425;;;mecÃ¡nica;2025-06-26;0
2025-05-27;MTR_006;119;8085;364;;;mecÃ¡nica;2025-06-26;1
2025-05-28;MTR_006;1603;7869;406;;;mecÃ¡nica;2025-06-26;1
2025-05-29;MTR_006;1084;8663;399;;;mecÃ¡nica;2025-06-26;1
2025-05-30;MTR_006;1687;8382;516;;;mecÃ¡nica;2025-06-26;1
2025-05-31;MTR_006;1496;8495;488;;;mecÃ¡nica;2025-06-26;1
2025-06-01;MTR_006;1626;8203;591;;;mecÃ¡nica;2025-06-26;1
2025-06-02;MTR_006;1309;7681;383;;;mecÃ¡nica;2025-06-26;1
2025-06-03;MTR_006;1778;898;375;;;mecÃ¡nica;2025-06-26;1
2025-06-04;MTR_006;1331;8412;294;;;mecÃ¡nica;2025-06-26;1
2025-06-05;MTR_006;169;8163;469;;;mecÃ¡nica;2025-06-26;1
2025-06-06;MTR_006;1989;9153;71;;;mecÃ¡nica;2025-06-26;1
2025-06-07;MTR_006;2027;8478;535;;;mecÃ¡nica;2025-06-26;1
2025-06-08;MTR_006;2119;8671;471;;;mecÃ¡nica;2025-06-26;1
2025-06-09;MTR_006;1429;8146;773;;;mecÃ¡nica;2025-06-26;1
2025-06-10;MTR_006;2162;812;779;;;mecÃ¡nica;2025-06-26;1
2025-06-11;MTR_006;2432;8548;801;;;mecÃ¡nica;2025-06-26;1
2025-06-12;MTR_006;1477;804;705;;;mecÃ¡nica;2025-06-26;1
2025-06-13;MTR_006;2141;8472;674;;;mecÃ¡nica;2025-06-26;1
2025-06-14;MTR_006;2206;8153;859;;;mecÃ¡nica;2025-06-26;1
2025-06-15;MTR_006;1384;8552;609;lubricaciÃ³n;2025-06-15;mecÃ¡nica;2025-06-26;1
2025-06-16;MTR_006;1832;9345;585;;;mecÃ¡nica;2025-06-26;1
2025-06-17;MTR_006;2361;9125;909;;;mecÃ¡nica;2025-06-26;1
2025-06-18;MTR_006;2554;956;905;;;mecÃ¡nica;2025-06-26;1
2025-06-19;MTR_006;2817;9621;507;;;mecÃ¡nica;2025-06-26;1
2025-06-20;MTR_006;1967;9487;627;;;mecÃ¡nica;2025-06-26;1
2025-06-21;MTR_006;282;9441;838;;;mecÃ¡nica;2025-06-26;1
2025-06-22;MTR_006;2695;8854;517;;;mecÃ¡nica;2025-06-26;1
2025-06-23;MTR_006;2679;9644;733;;;mecÃ¡nica;2025-06-26;1
2025-06-24;MTR_006;258;9851;948;;;mecÃ¡nica;2025-06-26;1
2025-06-25;MTR_006;186;9866;989;;;mecÃ¡nica;2025-06-26;1
2025-06-26;MTR_006;1934;10574;596;;;mecÃ¡nica;2025-06-26;1
2025-06-27;MTR_006;1524;10097;839;;;mecÃ¡nica;2025-06-26;0
2025-06-28;MTR_006;219;10547;693;;;mecÃ¡nica;2025-06-26;0
2025-06-29;MTR_006;2938;9201;713;;;mecÃ¡nica;2025-06-26;0
2025-01-01;MTR_007;1076;7767;237;;;;;0
2025-01-02;MTR_007;1055;7474;277;;;;;0
2025-01-03;MTR_007;1048;7506;296;;;;;0
2025-01-04;MTR_007;1016;7064;266;;;;;0
2025-01-05;MTR_007;922;7483;224;;;;;0
2025-01-06;MTR_007;979;7115;263;;;;;0
2025-01-07;MTR_007;896;7239;213;;;;;0
2025-01-08;MTR_007;1048;7809;223;;;;;0
2025-01-09;MTR_007;997;7332;271;;;;;0
2025-01-10;MTR_007;1093;7301;271;;;;;0
2025-01-11;MTR_007;963;7253;247;;;;;0
2025-01-12;MTR_007;855;7209;184;;;;;0
2025-01-13;MTR_007;108;7467;261;;;;;0
2025-01-14;MTR_007;817;7063;299;;;;;0
2025-01-15;MTR_007;1159;7402;20;;;;;0
2025-01-16;MTR_007;984;7495;143;;;;;0
2025-01-17;MTR_007;1076;7934;253;;;;;0
2025-01-18;MTR_007;1095;7265;179;;;;;0
2025-01-19;MTR_007;1044;7657;254;;;;;0
2025-01-20;MTR_007;959;8003;267;;;;;0
2025-01-21;MTR_007;835;7216;198;;;;;0
2025-01-22;MTR_007;1021;7526;242;;;;;0
2025-01-23;MTR_007;1034;7111;284;;;;;0
2025-01-24;MTR_007;969;7963;292;;;;;0
2025-01-25;MTR_007;1077;6897;234;;;;;0
2025-01-26;MTR_007;914;7035;278;;;;;0
2025-01-27;MTR_007;1096;7284;27;;;;;0
2025-01-28;MTR_007;993;7559;27;;;;;0
2025-01-29;MTR_007;81;7394;209;;;;;0
2025-01-30;MTR_007;1017;7371;29;;;;;0
2025-01-31;MTR_007;924;7555;234;;;;;0
2025-02-01;MTR_007;967;7103;297;;;;;0
2025-02-02;MTR_007;1008;8041;243;;;;;0
2025-02-03;MTR_007;709;794;252;;;;;0
2025-02-04;MTR_007;99;7495;233;;;;;0
2025-02-05;MTR_007;1005;7164;257;;;;;0
2025-02-06;MTR_007;884;7428;215;;;;;0
2025-02-07;MTR_007;1095;7515;23;;;;;0
2025-02-08;MTR_007;1051;7625;217;;;;;0
2025-02-09;MTR_007;1072;6904;238;;;;;0
2025-02-10;MTR_007;776;7655;306;;;;;0
2025-02-11;MTR_007;1209;7257;308;;;;;0
2025-02-12;MTR_007;1018;7433;329;;;;;0
2025-02-13;MTR_007;1075;7381;223;;;;;0
2025-02-14;MTR_007;916;7583;265;;;;;0
2025-02-15;MTR_007;1021;7877;252;ajuste;2025-02-15;;;0
2025-02-16;MTR_007;1158;6829;285;;;;;0
2025-02-17;MTR_007;882;7802;266;;;;;0
2025-02-18;MTR_007;1113;7813;252;;;;;0
2025-02-19;MTR_007;835;7595;243;;;;;0
2025-02-20;MTR_007;1057;7614;226;;;;;0
2025-02-21;MTR_007;1082;7013;257;;;;;0
2025-02-22;MTR_007;847;7255;185;;;;;0
2025-02-23;MTR_007;837;6924;238;;;;;0
2025-02-24;MTR_007;1062;7847;226;;;;;0
2025-02-25;MTR_007;938;7271;34;;;;;0
2025-02-26;MTR_007;1002;7341;258;;;;;0
2025-02-27;MTR_007;1085;751;312;;;;;0
2025-02-28;MTR_007;955;7511;283;;;;;0
2025-03-01;MTR_007;873;7708;294;;;;;0
2025-03-02;MTR_007;907;7693;236;;;;;0
2025-03-03;MTR_007;1018;735;245;;;;;0
2025-03-04;MTR_007;896;6814;285;;;;;0
2025-03-05;MTR_007;865;7824;293;;;;;0
2025-03-06;MTR_007;1096;7259;214;;;;;0
2025-03-07;MTR_007;102;7306;243;;;;;0
2025-03-08;MTR_007;1101;7612;217;;;;;0
2025-03-09;MTR_007;931;7865;309;;;;;0
2025-03-10;MTR_007;988;7857;233;;;;;0
2025-03-11;MTR_007;893;7465;28;;;;;0
2025-03-12;MTR_007;958;7266;18;;;;;0
2025-03-13;MTR_007;975;7268;233;;;;;0
2025-03-14;MTR_007;957;7722;274;;;;;0
2025-03-15;MTR_007;1037;7779;232;;;;;0
2025-03-16;MTR_007;95;7871;27;;;;;0
2025-03-17;MTR_007;828;7448;276;;;;;0
2025-03-18;MTR_007;911;7761;209;;;;;0
2025-03-19;MTR_007;994;761;222;;;;;0
2025-03-20;MTR_007;931;7197;271;;;;;0
2025-03-21;MTR_007;891;7601;251;;;;;0
2025-03-22;MTR_007;943;8125;311;;;;;0
2025-03-23;MTR_007;802;781;238;;;;;0
2025-03-24;MTR_007;883;7845;227;;;;;0
2025-03-25;MTR_007;997;7866;203;;;;;0
2025-03-26;MTR_007;1027;7261;211;;;;;0
2025-03-27;MTR_007;884;7472;26;;;;;0
2025-03-28;MTR_007;852;7449;171;;;;;0
2025-03-29;MTR_007;1043;7764;245;;;;;0
2025-03-30;MTR_007;1077;7077;199;;;;;0
2025-03-31;MTR_007;110;7858;263;;;;;0
2025-04-01;MTR_007;912;7528;305;;;;;0
2025-04-02;MTR_007;977;6965;217;;;;;0
2025-04-03;MTR_007;1101;7255;234;;;;;0
2025-04-04;MTR_007;897;7782;274;;;;;0
2025-04-05;MTR_007;1025;6998;205;;;;;0
2025-04-06;MTR_007;1022;7624;302;;;;;0
2025-04-07;MTR_007;889;6857;25;;;;;0
2025-04-08;MTR_007;928;7624;155;;;;;0
2025-04-09;MTR_007;927;7864;378;;;;;0
2025-04-10;MTR_007;851;7296;239;ajuste;2025-04-10;;;0
2025-04-11;MTR_007;954;7524;276;;;;;0
2025-04-12;MTR_007;915;7533;263;;;;;0
2025-04-13;MTR_007;801;7485;294;;;;;0
2025-04-14;MTR_007;872;7553;216;;;;;0
2025-04-15;MTR_007;114;7742;261;;;;;0
2025-04-16;MTR_007;964;7345;273;;;;;0
2025-04-17;MTR_007;967;7478;229;;;;;0
2025-04-18;MTR_007;120;7624;23;;;;;0
2025-04-19;MTR_007;1118;7887;182;;;;;0
2025-04-20;MTR_007;1178;7321;28;;;;;0
2025-04-21;MTR_007;1079;6996;307;;;;;0
2025-04-22;MTR_007;922;769;255;;;;;0
2025-04-23;MTR_007;978;7717;245;;;;;0
2025-04-24;MTR_007;1141;7057;188;;;;;0
2025-04-25;MTR_007;94;7583;207;;;;;0
2025-04-26;MTR_007;1063;7884;202;;;;;0
2025-04-27;MTR_007;1227;7847;306;;;;;0
2025-04-28;MTR_007;1082;7555;264;;;;;0
2025-04-29;MTR_007;826;7882;225;;;;;0
2025-04-30;MTR_007;817;7609;228;;;;;0
2025-05-01;MTR_007;1004;6873;255;;;;;0
2025-05-02;MTR_007;1069;7331;232;;;;;0
2025-05-03;MTR_007;1008;7477;295;;;;;0
2025-05-04;MTR_007;1004;752;267;;;;;0
2025-05-05;MTR_007;1173;7334;24;;;;;0
2025-05-06;MTR_007;1052;8033;20;;;;;0
2025-05-07;MTR_007;937;7898;271;;;;;0
2025-05-08;MTR_007;1039;7554;27;;;;;0
2025-05-09;MTR_007;983;7946;274;;;;;0
2025-05-10;MTR_007;1082;7462;243;;;;;0
2025-05-11;MTR_007;1015;7671;188;inspecciÃ³n;2025-05-11;;;0
2025-05-12;MTR_007;96;7255;303;;;;;0
2025-05-13;MTR_007;1006;7467;282;;;;;0
2025-05-14;MTR_007;1168;7225;297;;;;;0
2025-05-15;MTR_007;933;7245;195;;;;;0
2025-05-16;MTR_007;1008;676;186;;;;;0
2025-05-17;MTR_007;972;7322;253;;;;;0
2025-05-18;MTR_007;1175;691;238;;;;;0
2025-05-19;MTR_007;962;7633;274;;;;;0
2025-05-20;MTR_007;1153;8083;288;;;;;0
2025-05-21;MTR_007;101;7215;203;;;;;0
2025-05-22;MTR_007;988;7367;296;;;;;0
2025-05-23;MTR_007;863;7967;256;;;;;0
2025-05-24;MTR_007;954;7404;217;;;;;0
2025-05-25;MTR_007;938;7168;204;;;;;0
2025-05-26;MTR_007;1124;7347;192;;;;;0
2025-05-27;MTR_007;982;8048;262;;;;;0
2025-05-28;MTR_007;1021;7475;214;;;;;0
2025-05-29;MTR_007;966;6816;246;;;;;0
2025-05-30;MTR_007;1135;7573;333;;;;;0
2025-05-31;MTR_007;112;8058;254;;;;;0
2025-06-01;MTR_007;1157;7507;286;;;;;0
2025-06-02;MTR_007;1169;7289;30;;;;;0
2025-06-03;MTR_007;130;7829;331;;;;;0
2025-06-04;MTR_007;1232;8277;42;;;;;0
2025-06-05;MTR_007;1227;7883;368;;;;;0
2025-06-06;MTR_007;1446;7798;372;;;;;0
2025-06-07;MTR_007;1159;8092;357;;;;;0
2025-06-08;MTR_007;1537;839;435;;;;;0
2025-06-09;MTR_007;1209;7716;49;;;;;0
2025-06-10;MTR_007;1441;766;404;;;;;0
2025-06-11;MTR_007;1738;8013;53;;;;;0
2025-06-12;MTR_007;1758;8554;496;;;;;0
2025-06-13;MTR_007;1617;7636;423;;;;;0
2025-06-14;MTR_007;1604;8447;502;;;;;0
2025-06-15;MTR_007;1679;8302;536;;;;;0
2025-06-16;MTR_007;1161;891;502;;;;;0
2025-06-17;MTR_007;1909;868;515;;;;;0
2025-06-18;MTR_007;1757;8686;419;;;;;0
2025-06-19;MTR_007;1569;9066;583;;;;;0
2025-06-20;MTR_007;1401;9146;397;;;;;0
2025-06-21;MTR_007;1337;9413;627;;;;;0
2025-06-22;MTR_007;2021;8715;621;;;;;0
2025-06-23;MTR_007;1468;8993;692;;;;;0
2025-06-24;MTR_007;2447;8508;764;;;;;0
2025-06-25;MTR_007;2483;8682;605;;;;;0
2025-06-26;MTR_007;2194;9707;75;;;;;0
2025-06-27;MTR_007;1574;874;59;;;;;0
2025-06-28;MTR_007;1987;8704;622;;;;;0
2025-06-29;MTR_007;2283;8659;446;;;;;0
2025-01-01;MTR_008;1033;7306;187;;;mecÃ¡nica;2025-06-04;0
2025-01-02;MTR_008;102;7204;257;;;mecÃ¡nica;2025-06-04;0
2025-01-03;MTR_008;1063;747;274;;;mecÃ¡nica;2025-06-04;0
2025-01-04;MTR_008;914;7721;223;;;mecÃ¡nica;2025-06-04;0
2025-01-05;MTR_008;936;7911;246;;;mecÃ¡nica;2025-06-04;0
2025-01-06;MTR_008;929;755;25;;;mecÃ¡nica;2025-06-04;0
2025-01-07;MTR_008;96;7583;295;;;mecÃ¡nica;2025-06-04;0
2025-01-08;MTR_008;887;7835;254;;;mecÃ¡nica;2025-06-04;0
2025-01-09;MTR_008;120;7163;296;;;mecÃ¡nica;2025-06-04;0
2025-01-10;MTR_008;925;7697;25;;;mecÃ¡nica;2025-06-04;0
2025-01-11;MTR_008;1003;7481;25;;;mecÃ¡nica;2025-06-04;0
2025-01-12;MTR_008;876;7147;266;;;mecÃ¡nica;2025-06-04;0
2025-01-13;MTR_008;857;8117;188;;;mecÃ¡nica;2025-06-04;0
2025-01-14;MTR_008;853;714;236;lubricaciÃ³n;2025-01-14;mecÃ¡nica;2025-06-04;0
2025-01-15;MTR_008;914;7837;18;;;mecÃ¡nica;2025-06-04;0
2025-01-16;MTR_008;1023;7319;238;;;mecÃ¡nica;2025-06-04;0
2025-01-17;MTR_008;916;7892;301;;;mecÃ¡nica;2025-06-04;0
2025-01-18;MTR_008;1002;7797;261;;;mecÃ¡nica;2025-06-04;0
2025-01-19;MTR_008;873;7191;179;;;mecÃ¡nica;2025-06-04;0
2025-01-20;MTR_008;1047;7498;242;;;mecÃ¡nica;2025-06-04;0
2025-01-21;MTR_008;1047;8067;28;;;mecÃ¡nica;2025-06-04;0
2025-01-22;MTR_008;1117;8148;21;;;mecÃ¡nica;2025-06-04;0
2025-01-23;MTR_008;793;7267;313;;;mecÃ¡nica;2025-06-04;0
2025-01-24;MTR_008;1063;7069;22;;;mecÃ¡nica;2025-06-04;0
2025-01-25;MTR_008;947;7529;287;;;mecÃ¡nica;2025-06-04;0
2025-01-26;MTR_008;921;7457;255;;;mecÃ¡nica;2025-06-04;0
2025-01-27;MTR_008;1071;7331;212;;;mecÃ¡nica;2025-06-04;0
2025-01-28;MTR_008;91;7261;286;;;mecÃ¡nica;2025-06-04;0
2025-01-29;MTR_008;865;7592;239;;;mecÃ¡nica;2025-06-04;0
2025-01-30;MTR_008;984;7435;249;;;mecÃ¡nica;2025-06-04;0
2025-01-31;MTR_008;1121;7738;308;;;mecÃ¡nica;2025-06-04;0
2025-02-01;MTR_008;965;7563;214;;;mecÃ¡nica;2025-06-04;0
2025-02-02;MTR_008;895;7625;292;;;mecÃ¡nica;2025-06-04;0
2025-02-03;MTR_008;948;760;244;;;mecÃ¡nica;2025-06-04;0
2025-02-04;MTR_008;901;7598;255;;;mecÃ¡nica;2025-06-04;0
2025-02-05;MTR_008;935;724;191;;;mecÃ¡nica;2025-06-04;0
2025-02-06;MTR_008;1045;7182;258;;;mecÃ¡nica;2025-06-04;0
2025-02-07;MTR_008;987;7628;218;;;mecÃ¡nica;2025-06-04;0
2025-02-08;MTR_008;1111;7457;258;;;mecÃ¡nica;2025-06-04;0
2025-02-09;MTR_008;826;7926;257;;;mecÃ¡nica;2025-06-04;0
2025-02-10;MTR_008;904;7761;248;;;mecÃ¡nica;2025-06-04;0
2025-02-11;MTR_008;1085;7706;215;;;mecÃ¡nica;2025-06-04;0
2025-02-12;MTR_008;1123;7443;206;;;mecÃ¡nica;2025-06-04;0
2025-02-13;MTR_008;1097;728;257;;;mecÃ¡nica;2025-06-04;0
2025-02-14;MTR_008;951;7437;297;;;mecÃ¡nica;2025-06-04;0
2025-02-15;MTR_008;1045;774;223;;;mecÃ¡nica;2025-06-04;0
2025-02-16;MTR_008;891;7119;273;;;mecÃ¡nica;2025-06-04;0
2025-02-17;MTR_008;657;7619;301;;;mecÃ¡nica;2025-06-04;0
2025-02-18;MTR_008;1046;7486;237;;;mecÃ¡nica;2025-06-04;0
2025-02-19;MTR_008;1103;7253;246;;;mecÃ¡nica;2025-06-04;0
2025-02-20;MTR_008;1086;7688;222;;;mecÃ¡nica;2025-06-04;0
2025-02-21;MTR_008;1042;7625;196;;;mecÃ¡nica;2025-06-04;0
2025-02-22;MTR_008;1014;8033;306;;;mecÃ¡nica;2025-06-04;0
2025-02-23;MTR_008;1097;7868;343;;;mecÃ¡nica;2025-06-04;0
2025-02-24;MTR_008;88;7713;306;;;mecÃ¡nica;2025-06-04;0
2025-02-25;MTR_008;917;7548;229;;;mecÃ¡nica;2025-06-04;0
2025-02-26;MTR_008;1117;744;226;;;mecÃ¡nica;2025-06-04;0
2025-02-27;MTR_008;954;7998;218;;;mecÃ¡nica;2025-06-04;0
2025-02-28;MTR_008;994;7724;236;;;mecÃ¡nica;2025-06-04;0
2025-03-01;MTR_008;1069;7097;238;;;mecÃ¡nica;2025-06-04;0
2025-03-02;MTR_008;986;749;195;;;mecÃ¡nica;2025-06-04;0
2025-03-03;MTR_008;967;7003;291;;;mecÃ¡nica;2025-06-04;0
2025-03-04;MTR_008;916;8031;212;;;mecÃ¡nica;2025-06-04;0
2025-03-05;MTR_008;1029;7806;219;;;mecÃ¡nica;2025-06-04;0
2025-03-06;MTR_008;1014;7539;238;;;mecÃ¡nica;2025-06-04;0
2025-03-07;MTR_008;1074;7523;256;;;mecÃ¡nica;2025-06-04;0
2025-03-08;MTR_008;874;745;292;;;mecÃ¡nica;2025-06-04;0
2025-03-09;MTR_008;997;6921;245;;;mecÃ¡nica;2025-06-04;0
2025-03-10;MTR_008;884;7376;211;;;mecÃ¡nica;2025-06-04;0
2025-03-11;MTR_008;936;7375;263;;;mecÃ¡nica;2025-06-04;0
2025-03-12;MTR_008;974;7736;238;;;mecÃ¡nica;2025-06-04;0
2025-03-13;MTR_008;115;702;187;;;mecÃ¡nica;2025-06-04;0
2025-03-14;MTR_008;1167;7542;207;;;mecÃ¡nica;2025-06-04;0
2025-03-15;MTR_008;91;7593;186;;;mecÃ¡nica;2025-06-04;0
2025-03-16;MTR_008;1172;768;246;;;mecÃ¡nica;2025-06-04;0
2025-03-17;MTR_008;1103;7477;275;;;mecÃ¡nica;2025-06-04;0
2025-03-18;MTR_008;838;7687;24;;;mecÃ¡nica;2025-06-04;0
2025-03-19;MTR_008;964;7551;26;;;mecÃ¡nica;2025-06-04;0
2025-03-20;MTR_008;1133;7698;22;;;mecÃ¡nica;2025-06-04;0
2025-03-21;MTR_008;106;7605;228;;;mecÃ¡nica;2025-06-04;0
2025-03-22;MTR_008;984;6515;221;;;mecÃ¡nica;2025-06-04;0
2025-03-23;MTR_008;1065;7346;312;;;mecÃ¡nica;2025-06-04;0
2025-03-24;MTR_008;1112;7355;218;;;mecÃ¡nica;2025-06-04;0
2025-03-25;MTR_008;1016;7649;269;;;mecÃ¡nica;2025-06-04;0
2025-03-26;MTR_008;1051;6937;237;;;mecÃ¡nica;2025-06-04;0
2025-03-27;MTR_008;973;7236;335;;;mecÃ¡nica;2025-06-04;0
2025-03-28;MTR_008;1079;7496;266;;;mecÃ¡nica;2025-06-04;0
2025-03-29;MTR_008;1009;7786;245;inspecciÃ³n;2025-03-29;mecÃ¡nica;2025-06-04;0
2025-03-30;MTR_008;908;7639;203;;;mecÃ¡nica;2025-06-04;0
2025-03-31;MTR_008;969;7872;205;;;mecÃ¡nica;2025-06-04;0
2025-04-01;MTR_008;917;7544;243;;;mecÃ¡nica;2025-06-04;0
2025-04-02;MTR_008;827;7561;212;;;mecÃ¡nica;2025-06-04;0
2025-04-03;MTR_008;113;7418;247;;;mecÃ¡nica;2025-06-04;0
2025-04-04;MTR_008;1099;7558;278;;;mecÃ¡nica;2025-06-04;0
2025-04-05;MTR_008;939;7599;23;;;mecÃ¡nica;2025-06-04;0
2025-04-06;MTR_008;1301;7248;215;;;mecÃ¡nica;2025-06-04;0
2025-04-07;MTR_008;948;7394;265;;;mecÃ¡nica;2025-06-04;0
2025-04-08;MTR_008;986;7532;275;;;mecÃ¡nica;2025-06-04;0
2025-04-09;MTR_008;103;6739;178;;;mecÃ¡nica;2025-06-04;0
2025-04-10;MTR_008;987;7254;245;;;mecÃ¡nica;2025-06-04;0
2025-04-11;MTR_008;1046;7119;28;;;mecÃ¡nica;2025-06-04;0
2025-04-12;MTR_008;952;7229;212;;;mecÃ¡nica;2025-06-04;0
2025-04-13;MTR_008;1214;6789;172;;;mecÃ¡nica;2025-06-04;0
2025-04-14;MTR_008;956;7542;317;;;mecÃ¡nica;2025-06-04;0
2025-04-15;MTR_008;100;777;21;;;mecÃ¡nica;2025-06-04;0
2025-04-16;MTR_008;1025;7513;278;;;mecÃ¡nica;2025-06-04;0
2025-04-17;MTR_008;923;7677;256;;;mecÃ¡nica;2025-06-04;0
2025-04-18;MTR_008;829;7841;171;;;mecÃ¡nica;2025-06-04;0
2025-04-19;MTR_008;1265;7664;283;;;mecÃ¡nica;2025-06-04;0
2025-04-20;MTR_008;100;7931;276;;;mecÃ¡nica;2025-06-04;0
2025-04-21;MTR_008;784;7157;20;;;mecÃ¡nica;2025-06-04;0
2025-04-22;MTR_008;1001;7629;247;;;mecÃ¡nica;2025-06-04;0
2025-04-23;MTR_008;1006;743;24;;;mecÃ¡nica;2025-06-04;0
2025-04-24;MTR_008;854;7533;263;;;mecÃ¡nica;2025-06-04;0
2025-04-25;MTR_008;1059;7573;25;;;mecÃ¡nica;2025-06-04;0
2025-04-26;MTR_008;969;7287;309;;;mecÃ¡nica;2025-06-04;0
2025-04-27;MTR_008;907;7081;193;;;mecÃ¡nica;2025-06-04;0
2025-04-28;MTR_008;892;7189;188;;;mecÃ¡nica;2025-06-04;0
2025-04-29;MTR_008;1005;7218;216;;;mecÃ¡nica;2025-06-04;0
2025-04-30;MTR_008;916;8163;229;;;mecÃ¡nica;2025-06-04;0
2025-05-01;MTR_008;1035;7464;209;;;mecÃ¡nica;2025-06-04;0
2025-05-02;MTR_008;841;8068;208;;;mecÃ¡nica;2025-06-04;0
2025-05-03;MTR_008;964;7046;259;;;mecÃ¡nica;2025-06-04;0
2025-05-04;MTR_008;871;7853;249;;;mecÃ¡nica;2025-06-04;0
2025-05-05;MTR_008;753;7685;245;;;mecÃ¡nica;2025-06-04;1
2025-05-06;MTR_008;849;7257;248;;;mecÃ¡nica;2025-06-04;1
2025-05-07;MTR_008;1186;7569;283;;;mecÃ¡nica;2025-06-04;1
2025-05-08;MTR_008;963;7753;245;;;mecÃ¡nica;2025-06-04;1
2025-05-09;MTR_008;887;7954;194;;;mecÃ¡nica;2025-06-04;1
2025-05-10;MTR_008;934;7796;207;;;mecÃ¡nica;2025-06-04;1
2025-05-11;MTR_008;962;7239;273;;;mecÃ¡nica;2025-06-04;1
2025-05-12;MTR_008;907;7989;255;;;mecÃ¡nica;2025-06-04;1
2025-05-13;MTR_008;934;7077;264;;;mecÃ¡nica;2025-06-04;1
2025-05-14;MTR_008;948;7781;164;;;mecÃ¡nica;2025-06-04;1
2025-05-15;MTR_008;109;736;321;;;mecÃ¡nica;2025-06-04;1
2025-05-16;MTR_008;1112;7587;171;;;mecÃ¡nica;2025-06-04;1
2025-05-17;MTR_008;1005;7851;344;;;mecÃ¡nica;2025-06-04;1
2025-05-18;MTR_008;1041;7143;238;;;mecÃ¡nica;2025-06-04;1
2025-05-19;MTR_008;913;7441;214;;;mecÃ¡nica;2025-06-04;1
2025-05-20;MTR_008;982;7698;239;;;mecÃ¡nica;2025-06-04;1
2025-05-21;MTR_008;1041;7578;246;;;mecÃ¡nica;2025-06-04;1
2025-05-22;MTR_008;1106;7858;229;;;mecÃ¡nica;2025-06-04;1
2025-05-23;MTR_008;956;7614;223;;;mecÃ¡nica;2025-06-04;1
2025-05-24;MTR_008;106;7869;315;;;mecÃ¡nica;2025-06-04;1
2025-05-25;MTR_008;852;7183;273;;;mecÃ¡nica;2025-06-04;1
2025-05-26;MTR_008;1066;7483;168;;;mecÃ¡nica;2025-06-04;1
2025-05-27;MTR_008;944;7434;315;;;mecÃ¡nica;2025-06-04;1
2025-05-28;MTR_008;1068;768;225;;;mecÃ¡nica;2025-06-04;1
2025-05-29;MTR_008;902;741;317;;;mecÃ¡nica;2025-06-04;1
2025-05-30;MTR_008;1023;7698;261;;;mecÃ¡nica;2025-06-04;1
2025-05-31;MTR_008;987;7597;33;;;mecÃ¡nica;2025-06-04;1
2025-06-01;MTR_008;995;8183;278;;;mecÃ¡nica;2025-06-04;1
2025-06-02;MTR_008;1145;7981;283;;;mecÃ¡nica;2025-06-04;1
2025-06-03;MTR_008;1129;7323;193;;;mecÃ¡nica;2025-06-04;1
2025-06-04;MTR_008;1032;785;411;;;mecÃ¡nica;2025-06-04;1
2025-06-05;MTR_008;1128;8176;315;;;mecÃ¡nica;2025-06-04;0
2025-06-06;MTR_008;1093;8065;377;lubricaciÃ³n;2025-06-06;mecÃ¡nica;2025-06-04;0
2025-06-07;MTR_008;1375;8368;321;;;mecÃ¡nica;2025-06-04;0
2025-06-08;MTR_008;137;7815;431;;;mecÃ¡nica;2025-06-04;0
2025-06-09;MTR_008;1311;7705;411;;;mecÃ¡nica;2025-06-04;0
2025-06-10;MTR_008;148;7485;303;;;mecÃ¡nica;2025-06-04;0
2025-06-11;MTR_008;1257;8146;357;;;mecÃ¡nica;2025-06-04;0
2025-06-12;MTR_008;1417;8295;31;;;mecÃ¡nica;2025-06-04;0
2025-06-13;MTR_008;1434;8404;301;;;mecÃ¡nica;2025-06-04;0
2025-06-14;MTR_008;144;8183;359;;;mecÃ¡nica;2025-06-04;0
2025-06-15;MTR_008;1424;7413;403;;;mecÃ¡nica;2025-06-04;0
2025-06-16;MTR_008;1621;8268;607;;;mecÃ¡nica;2025-06-04;0
2025-06-17;MTR_008;161;8143;485;;;mecÃ¡nica;2025-06-04;0
2025-06-18;MTR_008;1264;8312;465;;;mecÃ¡nica;2025-06-04;0
2025-06-19;MTR_008;1687;8027;506;;;mecÃ¡nica;2025-06-04;0
2025-06-20;MTR_008;1714;8406;641;;;mecÃ¡nica;2025-06-04;0
2025-06-21;MTR_008;1612;8374;464;;;mecÃ¡nica;2025-06-04;0
2025-06-22;MTR_008;1531;8174;442;;;mecÃ¡nica;2025-06-04;0
2025-06-23;MTR_008;1292;8158;488;;;mecÃ¡nica;2025-06-04;0
2025-06-24;MTR_008;1725;9158;406;;;mecÃ¡nica;2025-06-04;0
2025-06-25;MTR_008;1837;8704;666;;;mecÃ¡nica;2025-06-04;0
2025-06-26;MTR_008;1473;8959;74;;;mecÃ¡nica;2025-06-04;0
2025-06-27;MTR_008;1484;8997;506;;;mecÃ¡nica;2025-06-04;0
2025-06-28;MTR_008;1806;8648;522;;;mecÃ¡nica;2025-06-04;0
2025-06-29;MTR_008;1294;8511;76;;;mecÃ¡nica;2025-06-04;0
2025-01-01;MTR_009;1121;7887;262;;;;;0
2025-01-02;MTR_009;945;7511;251;;;;;0
2025-01-03;MTR_009;1004;7508;284;;;;;0
2025-01-04;MTR_009;824;8062;254;;;;;0
2025-01-05;MTR_009;903;7422;259;;;;;0
2025-01-06;MTR_009;967;7438;229;;;;;0
2025-01-07;MTR_009;993;7981;291;;;;;0
2025-01-08;MTR_009;1036;7197;163;;;;;0
2025-01-09;MTR_009;1078;7301;25;;;;;0
2025-01-10;MTR_009;1117;7479;231;;;;;0
2025-01-11;MTR_009;907;7502;251;;;;;0
2025-01-12;MTR_009;999;7276;223;;;;;0
2025-01-13;MTR_009;923;7539;222;;;;;0
2025-01-14;MTR_009;1166;6945;277;;;;;0
2025-01-15;MTR_009;929;7728;289;;;;;0
2025-01-16;MTR_009;955;7552;339;;;;;0
2025-01-17;MTR_009;1063;7564;224;;;;;0
2025-01-18;MTR_009;1026;7539;242;;;;;0
2025-01-19;MTR_009;109;7469;249;;;;;0
2025-01-20;MTR_009;1003;6836;215;;;;;0
2025-01-21;MTR_009;911;8023;23;;;;;0
2025-01-22;MTR_009;100;7261;225;;;;;0
2025-01-23;MTR_009;881;710;205;;;;;0
2025-01-24;MTR_009;1001;7351;365;;;;;0
2025-01-25;MTR_009;1107;7477;243;;;;;0
2025-01-26;MTR_009;1074;671;267;;;;;0
2025-01-27;MTR_009;933;7866;186;;;;;0
2025-01-28;MTR_009;1138;7723;249;;;;;0
2025-01-29;MTR_009;913;7745;238;;;;;0
2025-01-30;MTR_009;1078;7588;293;;;;;0
2025-01-31;MTR_009;1038;7245;265;;;;;0
2025-02-01;MTR_009;1039;7599;244;;;;;0
2025-02-02;MTR_009;961;6992;269;;;;;0
2025-02-03;MTR_009;1026;7197;257;;;;;0
2025-02-04;MTR_009;1113;7228;241;;;;;0
2025-02-05;MTR_009;1032;7077;235;;;;;0
2025-02-06;MTR_009;1058;7047;275;;;;;0
2025-02-07;MTR_009;92;7578;193;;;;;0
2025-02-08;MTR_009;1069;7469;168;;;;;0
2025-02-09;MTR_009;902;7446;353;;;;;0
2025-02-10;MTR_009;996;7246;234;;;;;0
2025-02-11;MTR_009;999;7831;227;;;;;0
2025-02-12;MTR_009;893;7564;213;;;;;0
2025-02-13;MTR_009;956;7105;269;;;;;0
2025-02-14;MTR_009;987;730;196;;;;;0
2025-02-15;MTR_009;906;6947;274;;;;;0
2025-02-16;MTR_009;1004;717;264;;;;;0
2025-02-17;MTR_009;1139;7038;325;;;;;0
2025-02-18;MTR_009;789;7162;217;;;;;0
2025-02-19;MTR_009;86;7324;274;;;;;0
2025-02-20;MTR_009;901;7187;23;;;;;0
2025-02-21;MTR_009;962;7755;285;;;;;0
2025-02-22;MTR_009;1131;8077;204;;;;;0
2025-02-23;MTR_009;883;7833;221;;;;;0
2025-02-24;MTR_009;1042;7501;264;;;;;0
2025-02-25;MTR_009;881;7791;242;;;;;0
2025-02-26;MTR_009;998;7564;23;;;;;0
2025-02-27;MTR_009;807;7281;256;;;;;0
2025-02-28;MTR_009;1041;7112;251;;;;;0
2025-03-01;MTR_009;978;7515;265;;;;;0
2025-03-02;MTR_009;1018;7938;264;;;;;0
2025-03-03;MTR_009;1031;7575;244;;;;;0
2025-03-04;MTR_009;1061;6906;307;;;;;0
2025-03-05;MTR_009;81;703;235;;;;;0
2025-03-06;MTR_009;1017;7968;301;;;;;0
2025-03-07;MTR_009;1096;8205;234;;;;;0
2025-03-08;MTR_009;881;7527;272;;;;;0
2025-03-09;MTR_009;1034;8044;291;;;;;0
2025-03-10;MTR_009;948;7032;191;;;;;0
2025-03-11;MTR_009;983;7866;182;;;;;0
2025-03-12;MTR_009;1125;7505;225;;;;;0
2025-03-13;MTR_009;1188;7526;239;reemplazo;2025-03-13;;;0
2025-03-14;MTR_009;979;7671;253;;;;;0
2025-03-15;MTR_009;1064;7511;201;;;;;0
2025-03-16;MTR_009;1215;7861;264;;;;;0
2025-03-17;MTR_009;885;6873;195;;;;;0
2025-03-18;MTR_009;1027;8208;245;;;;;0
2025-03-19;MTR_009;1091;7409;205;;;;;0
2025-03-20;MTR_009;876;7397;231;;;;;0
2025-03-21;MTR_009;1008;722;194;;;;;0
2025-03-22;MTR_009;1063;7838;182;;;;;0
2025-03-23;MTR_009;1033;7876;24;;;;;0
2025-03-24;MTR_009;1157;7442;206;;;;;0
2025-03-25;MTR_009;899;7645;28;;;;;0
2025-03-26;MTR_009;1006;7284;262;;;;;0
2025-03-27;MTR_009;928;7662;224;;;;;0
2025-03-28;MTR_009;923;7731;269;;;;;0
2025-03-29;MTR_009;1117;7864;231;;;;;0
2025-03-30;MTR_009;956;7702;323;;;;;0
2025-03-31;MTR_009;945;7197;256;;;;;0
2025-04-01;MTR_009;783;7136;253;;;;;0
2025-04-02;MTR_009;1116;722;308;;;;;0
2025-04-03;MTR_009;1107;7923;223;;;;;0
2025-04-04;MTR_009;852;7567;208;;;;;0
2025-04-05;MTR_009;96;7206;319;;;;;0
2025-04-06;MTR_009;1111;7081;251;;;;;0
2025-04-07;MTR_009;951;7393;23;;;;;0
2025-04-08;MTR_009;952;8009;281;;;;;0
2025-04-09;MTR_009;1114;7277;205;;;;;0
2025-04-10;MTR_009;831;7451;281;;;;;0
2025-04-11;MTR_009;115;7231;239;;;;;0
2025-04-12;MTR_009;1089;7842;245;;;;;0
2025-04-13;MTR_009;118;7857;253;;;;;0
2025-04-14;MTR_009;895;7385;139;;;;;0
2025-04-15;MTR_009;1049;7434;257;;;;;0
2025-04-16;MTR_009;942;7334;228;;;;;0
2025-04-17;MTR_009;874;7049;157;;;;;0
2025-04-18;MTR_009;1036;704;214;;;;;0
2025-04-19;MTR_009;1052;7247;221;;;;;0
2025-04-20;MTR_009;1047;7188;187;reemplazo;2025-04-20;;;0
2025-04-21;MTR_009;958;7418;259;;;;;0
2025-04-22;MTR_009;765;7544;301;;;;;0
2025-04-23;MTR_009;1022;6578;224;;;;;0
2025-04-24;MTR_009;983;7319;284;;;;;0
2025-04-25;MTR_009;995;7317;263;;;;;0
2025-04-26;MTR_009;90;7865;227;;;;;0
2025-04-27;MTR_009;852;6965;247;;;;;0
2025-04-28;MTR_009;952;7564;214;;;;;0
2025-04-29;MTR_009;902;7573;195;;;;;0
2025-04-30;MTR_009;1163;7294;219;;;;;0
2025-05-01;MTR_009;884;7797;23;;;;;0
2025-05-02;MTR_009;935;7675;234;;;;;0
2025-05-03;MTR_009;979;7745;304;;;;;0
2025-05-04;MTR_009;1085;7523;254;;;;;0
2025-05-05;MTR_009;914;677;247;;;;;0
2025-05-06;MTR_009;1061;7489;242;;;;;0
2025-05-07;MTR_009;902;6535;205;;;;;0
2025-05-08;MTR_009;1085;7704;229;;;;;0
2025-05-09;MTR_009;108;7917;311;;;;;0
2025-05-10;MTR_009;1088;7323;208;;;;;0
2025-05-11;MTR_009;919;7477;296;;;;;0
2025-05-12;MTR_009;1034;7738;292;;;;;0
2025-05-13;MTR_009;1031;7506;236;;;;;0
2025-05-14;MTR_009;848;7287;267;;;;;0
2025-05-15;MTR_009;972;758;269;;;;;0
2025-05-16;MTR_009;112;7468;311;;;;;0
2025-05-17;MTR_009;1179;7517;164;ajuste;2025-05-17;;;0
2025-05-18;MTR_009;996;736;178;;;;;0
2025-05-19;MTR_009;1008;7228;262;;;;;0
2025-05-20;MTR_009;954;7648;226;;;;;0
2025-05-21;MTR_009;103;7874;253;;;;;0
2025-05-22;MTR_009;1111;7303;254;;;;;0
2025-05-23;MTR_009;901;7847;25;;;;;0
2025-05-24;MTR_009;1031;7584;254;;;;;0
2025-05-25;MTR_009;991;7494;163;;;;;0
2025-05-26;MTR_009;969;7206;248;;;;;0
2025-05-27;MTR_009;1055;7581;171;;;;;0
2025-05-28;MTR_009;1037;7634;213;;;;;0
2025-05-29;MTR_009;1081;7231;142;;;;;0
2025-05-30;MTR_009;1085;7977;244;;;;;0
2025-05-31;MTR_009;1107;6928;253;;;;;0
2025-06-01;MTR_009;1195;7712;223;;;;;0
2025-06-02;MTR_009;864;7352;25;;;;;0
2025-06-03;MTR_009;979;7469;272;;;;;0
2025-06-04;MTR_009;849;7635;241;;;;;0
2025-06-05;MTR_009;1168;7722;26;;;;;0
2025-06-06;MTR_009;1022;800;295;;;;;0
2025-06-07;MTR_009;918;7654;309;;;;;0
2025-06-08;MTR_009;868;7337;293;;;;;0
2025-06-09;MTR_009;125;8017;209;;;;;0
2025-06-10;MTR_009;1105;7787;162;;;;;0
2025-06-11;MTR_009;998;7237;239;;;;;0
2025-06-12;MTR_009;1046;8485;216;;;;;0
2025-06-13;MTR_009;1048;724;275;;;;;0
2025-06-14;MTR_009;1056;770;261;;;;;0
2025-06-15;MTR_009;996;7817;227;;;;;0
2025-06-16;MTR_009;966;7639;305;;;;;0
2025-06-17;MTR_009;808;7545;281;;;;;0
2025-06-18;MTR_009;1025;7754;307;;;;;0
2025-06-19;MTR_009;767;7459;21;;;;;0
2025-06-20;MTR_009;104;7355;162;;;;;0
2025-06-21;MTR_009;1014;762;245;;;;;0
2025-06-22;MTR_009;945;7396;282;;;;;0
2025-06-23;MTR_009;896;7624;217;;;;;0
2025-06-24;MTR_009;977;7515;238;;;;;0
2025-06-25;MTR_009;999;7378;306;;;;;0
2025-06-26;MTR_009;87;7475;279;;;;;0
2025-06-27;MTR_009;77;6971;25;;;;;0
2025-06-28;MTR_009;84;7518;218;;;;;0
2025-06-29;MTR_009;1142;7836;238;;;;;0
2025-01-01;MTR_010;1095;7254;243;;;sobrecalentamiento;2025-06-29;0
2025-01-02;MTR_010;1019;7128;231;;;sobrecalentamiento;2025-06-29;0
2025-01-03;MTR_010;898;7707;223;;;sobrecalentamiento;2025-06-29;0
2025-01-04;MTR_010;904;7421;289;;;sobrecalentamiento;2025-06-29;0
2025-01-05;MTR_010;1066;7425;261;;;sobrecalentamiento;2025-06-29;0
2025-01-06;MTR_010;945;806;252;;;sobrecalentamiento;2025-06-29;0
2025-01-07;MTR_010;1024;7181;218;;;sobrecalentamiento;2025-06-29;0
2025-01-08;MTR_010;1108;7353;207;;;sobrecalentamiento;2025-06-29;0
2025-01-09;MTR_010;865;7718;231;;;sobrecalentamiento;2025-06-29;0
2025-01-10;MTR_010;1115;7825;259;;;sobrecalentamiento;2025-06-29;0
2025-01-11;MTR_010;1002;7235;242;;;sobrecalentamiento;2025-06-29;0
2025-01-12;MTR_010;913;728;20;;;sobrecalentamiento;2025-06-29;0
2025-01-13;MTR_010;1029;767;273;;;sobrecalentamiento;2025-06-29;0
2025-01-14;MTR_010;1035;729;182;;;sobrecalentamiento;2025-06-29;0
2025-01-15;MTR_010;1012;7594;25;;;sobrecalentamiento;2025-06-29;0
2025-01-16;MTR_010;1026;7294;26;;;sobrecalentamiento;2025-06-29;0
2025-01-17;MTR_010;838;7698;20;;;sobrecalentamiento;2025-06-29;0
2025-01-18;MTR_010;861;7628;158;;;sobrecalentamiento;2025-06-29;0
2025-01-19;MTR_010;1055;785;226;;;sobrecalentamiento;2025-06-29;0
2025-01-20;MTR_010;891;7696;253;;;sobrecalentamiento;2025-06-29;0
2025-01-21;MTR_010;1096;7312;215;;;sobrecalentamiento;2025-06-29;0
2025-01-22;MTR_010;967;7411;21;;;sobrecalentamiento;2025-06-29;0
2025-01-23;MTR_010;899;7246;254;;;sobrecalentamiento;2025-06-29;0
2025-01-24;MTR_010;1023;723;247;;;sobrecalentamiento;2025-06-29;0
2025-01-25;MTR_010;982;751;274;;;sobrecalentamiento;2025-06-29;0
2025-01-26;MTR_010;1022;7163;214;;;sobrecalentamiento;2025-06-29;0
2025-01-27;MTR_010;1083;7746;235;;;sobrecalentamiento;2025-06-29;0
2025-01-28;MTR_010;97;7497;263;;;sobrecalentamiento;2025-06-29;0
2025-01-29;MTR_010;1039;7802;206;;;sobrecalentamiento;2025-06-29;0
2025-01-30;MTR_010;83;7843;206;;;sobrecalentamiento;2025-06-29;0
2025-01-31;MTR_010;1118;7372;229;;;sobrecalentamiento;2025-06-29;0
2025-02-01;MTR_010;1017;7608;208;;;sobrecalentamiento;2025-06-29;0
2025-02-02;MTR_010;1049;744;328;;;sobrecalentamiento;2025-06-29;0
2025-02-03;MTR_010;1042;7025;297;;;sobrecalentamiento;2025-06-29;0
2025-02-04;MTR_010;1016;773;282;;;sobrecalentamiento;2025-06-29;0
2025-02-05;MTR_010;1023;7352;201;;;sobrecalentamiento;2025-06-29;0
2025-02-06;MTR_010;976;7007;253;;;sobrecalentamiento;2025-06-29;0
2025-02-07;MTR_010;947;7134;287;;;sobrecalentamiento;2025-06-29;0
2025-02-08;MTR_010;1102;7178;273;;;sobrecalentamiento;2025-06-29;0
2025-02-09;MTR_010;1067;7449;279;;;sobrecalentamiento;2025-06-29;0
2025-02-10;MTR_010;1044;7288;356;;;sobrecalentamiento;2025-06-29;0
2025-02-11;MTR_010;1092;7166;297;;;sobrecalentamiento;2025-06-29;0
2025-02-12;MTR_010;1098;7547;244;;;sobrecalentamiento;2025-06-29;0
2025-02-13;MTR_010;971;7572;211;;;sobrecalentamiento;2025-06-29;0
2025-02-14;MTR_010;106;7611;272;;;sobrecalentamiento;2025-06-29;0
2025-02-15;MTR_010;1041;6992;32;;;sobrecalentamiento;2025-06-29;0
2025-02-16;MTR_010;1035;7246;263;;;sobrecalentamiento;2025-06-29;0
2025-02-17;MTR_010;1113;7427;227;;;sobrecalentamiento;2025-06-29;0
2025-02-18;MTR_010;110;8398;232;;;sobrecalentamiento;2025-06-29;0
2025-02-19;MTR_010;943;770;313;;;sobrecalentamiento;2025-06-29;0
2025-02-20;MTR_010;1089;7937;239;;;sobrecalentamiento;2025-06-29;0
2025-02-21;MTR_010;110;792;269;;;sobrecalentamiento;2025-06-29;0
2025-02-22;MTR_010;1005;7249;269;;;sobrecalentamiento;2025-06-29;0
2025-02-23;MTR_010;974;740;209;;;sobrecalentamiento;2025-06-29;0
2025-02-24;MTR_010;92;7828;30;;;sobrecalentamiento;2025-06-29;0
2025-02-25;MTR_010;907;674;181;;;sobrecalentamiento;2025-06-29;0
2025-02-26;MTR_010;1069;7988;276;;;sobrecalentamiento;2025-06-29;0
2025-02-27;MTR_010;937;7767;239;;;sobrecalentamiento;2025-06-29;0
2025-02-28;MTR_010;1018;7865;295;;;sobrecalentamiento;2025-06-29;0
2025-03-01;MTR_010;1091;7138;311;;;sobrecalentamiento;2025-06-29;0
2025-03-02;MTR_010;986;7242;224;;;sobrecalentamiento;2025-06-29;0
2025-03-03;MTR_010;984;7785;264;;;sobrecalentamiento;2025-06-29;0
2025-03-04;MTR_010;89;7802;183;;;sobrecalentamiento;2025-06-29;0
2025-03-05;MTR_010;889;7646;307;;;sobrecalentamiento;2025-06-29;0
2025-03-06;MTR_010;1003;7695;199;;;sobrecalentamiento;2025-06-29;0
2025-03-07;MTR_010;1029;7486;176;;;sobrecalentamiento;2025-06-29;0
2025-03-08;MTR_010;972;715;242;;;sobrecalentamiento;2025-06-29;0
2025-03-09;MTR_010;111;7145;183;;;sobrecalentamiento;2025-06-29;0
2025-03-10;MTR_010;885;7432;219;;;sobrecalentamiento;2025-06-29;0
2025-03-11;MTR_010;1087;7427;227;;;sobrecalentamiento;2025-06-29;0
2025-03-12;MTR_010;885;7874;287;;;sobrecalentamiento;2025-06-29;0
2025-03-13;MTR_010;984;7466;175;;;sobrecalentamiento;2025-06-29;0
2025-03-14;MTR_010;958;7514;341;;;sobrecalentamiento;2025-06-29;0
2025-03-15;MTR_010;896;7643;216;;;sobrecalentamiento;2025-06-29;0
2025-03-16;MTR_010;1079;7259;27;;;sobrecalentamiento;2025-06-29;0
2025-03-17;MTR_010;1031;7204;191;;;sobrecalentamiento;2025-06-29;0
2025-03-18;MTR_010;114;7872;275;;;sobrecalentamiento;2025-06-29;0
2025-03-19;MTR_010;108;7024;264;;;sobrecalentamiento;2025-06-29;0
2025-03-20;MTR_010;954;8197;225;;;sobrecalentamiento;2025-06-29;0
2025-03-21;MTR_010;803;7658;196;;;sobrecalentamiento;2025-06-29;0
2025-03-22;MTR_010;1105;7821;258;;;sobrecalentamiento;2025-06-29;0
2025-03-23;MTR_010;1032;7438;267;;;sobrecalentamiento;2025-06-29;0
2025-03-24;MTR_010;782;7679;192;;;sobrecalentamiento;2025-06-29;0
2025-03-25;MTR_010;1005;6911;194;;;sobrecalentamiento;2025-06-29;0
2025-03-26;MTR_010;944;7369;21;;;sobrecalentamiento;2025-06-29;0
2025-03-27;MTR_010;95;7596;249;;;sobrecalentamiento;2025-06-29;0
2025-03-28;MTR_010;1069;7914;241;;;sobrecalentamiento;2025-06-29;0
2025-03-29;MTR_010;929;8015;294;;;sobrecalentamiento;2025-06-29;0
2025-03-30;MTR_010;1168;7629;232;;;sobrecalentamiento;2025-06-29;0
2025-03-31;MTR_010;1007;7544;258;;;sobrecalentamiento;2025-06-29;0
2025-04-01;MTR_010;1293;7339;281;;;sobrecalentamiento;2025-06-29;0
2025-04-02;MTR_010;1051;7224;263;;;sobrecalentamiento;2025-06-29;0
2025-04-03;MTR_010;107;7271;262;;;sobrecalentamiento;2025-06-29;0
2025-04-04;MTR_010;931;7542;269;;;sobrecalentamiento;2025-06-29;0
2025-04-05;MTR_010;1088;7447;277;;;sobrecalentamiento;2025-06-29;0
2025-04-06;MTR_010;121;7244;253;;;sobrecalentamiento;2025-06-29;0
2025-04-07;MTR_010;945;7025;179;;;sobrecalentamiento;2025-06-29;0
2025-04-08;MTR_010;883;807;151;;;sobrecalentamiento;2025-06-29;0
2025-04-09;MTR_010;1051;7556;197;;;sobrecalentamiento;2025-06-29;0
2025-04-10;MTR_010;893;7415;228;;;sobrecalentamiento;2025-06-29;0
2025-04-11;MTR_010;924;7392;307;;;sobrecalentamiento;2025-06-29;0
2025-04-12;MTR_010;1169;7562;274;;;sobrecalentamiento;2025-06-29;0
2025-04-13;MTR_010;943;7174;225;;;sobrecalentamiento;2025-06-29;0
2025-04-14;MTR_010;1033;7389;328;;;sobrecalentamiento;2025-06-29;0
2025-04-15;MTR_010;1021;7634;308;;;sobrecalentamiento;2025-06-29;0
2025-04-16;MTR_010;95;7913;276;;;sobrecalentamiento;2025-06-29;0
2025-04-17;MTR_010;107;734;172;ajuste;2025-04-17;sobrecalentamiento;2025-06-29;0
2025-04-18;MTR_010;1087;7538;244;;;sobrecalentamiento;2025-06-29;0
2025-04-19;MTR_010;89;7448;233;;;sobrecalentamiento;2025-06-29;0
2025-04-20;MTR_010;976;7357;185;;;sobrecalentamiento;2025-06-29;0
2025-04-21;MTR_010;977;6673;291;;;sobrecalentamiento;2025-06-29;0
2025-04-22;MTR_010;106;7416;276;;;sobrecalentamiento;2025-06-29;0
2025-04-23;MTR_010;1036;7753;254;;;sobrecalentamiento;2025-06-29;0
2025-04-24;MTR_010;1031;7339;231;;;sobrecalentamiento;2025-06-29;0
2025-04-25;MTR_010;114;8071;231;;;sobrecalentamiento;2025-06-29;0
2025-04-26;MTR_010;1172;7692;314;;;sobrecalentamiento;2025-06-29;0
2025-04-27;MTR_010;1395;8008;317;;;sobrecalentamiento;2025-06-29;0
2025-04-28;MTR_010;1108;781;367;;;sobrecalentamiento;2025-06-29;0
2025-04-29;MTR_010;1287;7607;347;;;sobrecalentamiento;2025-06-29;0
2025-04-30;MTR_010;1363;7797;395;;;sobrecalentamiento;2025-06-29;0
2025-05-01;MTR_010;1355;841;301;;;sobrecalentamiento;2025-06-29;0
2025-05-02;MTR_010;1397;7903;339;;;sobrecalentamiento;2025-06-29;0
2025-05-03;MTR_010;1248;8099;439;;;sobrecalentamiento;2025-06-29;0
2025-05-04;MTR_010;1183;7918;344;;;sobrecalentamiento;2025-06-29;0
2025-05-05;MTR_010;1487;7745;535;;;sobrecalentamiento;2025-06-29;0
2025-05-06;MTR_010;1315;8458;458;;;sobrecalentamiento;2025-06-29;0
2025-05-07;MTR_010;1413;8503;309;;;sobrecalentamiento;2025-06-29;0
2025-05-08;MTR_010;1607;8315;475;;;sobrecalentamiento;2025-06-29;0
2025-05-09;MTR_010;1665;8595;556;;;sobrecalentamiento;2025-06-29;0
2025-05-10;MTR_010;1966;8002;472;;;sobrecalentamiento;2025-06-29;0
2025-05-11;MTR_010;1299;8765;417;;;sobrecalentamiento;2025-06-29;0
2025-05-12;MTR_010;1903;8121;38;;;sobrecalentamiento;2025-06-29;0
2025-05-13;MTR_010;1067;8998;672;;;sobrecalentamiento;2025-06-29;0
2025-05-14;MTR_010;1203;8689;541;;;sobrecalentamiento;2025-06-29;0
2025-05-15;MTR_010;1283;7154;389;;;sobrecalentamiento;2025-06-29;0
2025-05-16;MTR_010;1783;8321;533;;;sobrecalentamiento;2025-06-29;0
2025-05-17;MTR_010;1641;8846;51;;;sobrecalentamiento;2025-06-29;0
2025-05-18;MTR_010;2107;794;592;reemplazo;2025-05-18;sobrecalentamiento;2025-06-29;0
2025-05-19;MTR_010;1969;8886;669;;;sobrecalentamiento;2025-06-29;0
2025-05-20;MTR_010;2185;7912;625;;;sobrecalentamiento;2025-06-29;0
2025-05-21;MTR_010;1613;8029;786;;;sobrecalentamiento;2025-06-29;0
2025-05-22;MTR_010;2583;9799;788;;;sobrecalentamiento;2025-06-29;0
2025-05-23;MTR_010;1215;9237;626;;;sobrecalentamiento;2025-06-29;0
2025-05-24;MTR_010;2064;8135;40;;;sobrecalentamiento;2025-06-29;0
2025-05-25;MTR_010;1854;8705;666;;;sobrecalentamiento;2025-06-29;0
2025-05-26;MTR_010;2396;10089;716;;;sobrecalentamiento;2025-06-29;0
2025-05-27;MTR_010;2448;9345;816;;;sobrecalentamiento;2025-06-29;0
2025-05-28;MTR_010;1549;8385;551;;;sobrecalentamiento;2025-06-29;0
2025-05-29;MTR_010;1237;9643;669;;;sobrecalentamiento;2025-06-29;0
2025-05-30;MTR_010;1939;10046;702;;;sobrecalentamiento;2025-06-29;1
2025-05-31;MTR_010;2926;9456;925;;;sobrecalentamiento;2025-06-29;1
2025-06-01;MTR_010;2628;9373;846;;;sobrecalentamiento;2025-06-29;1
2025-06-02;MTR_010;2335;10197;1104;;;sobrecalentamiento;2025-06-29;1
2025-06-03;MTR_010;198;10315;583;;;sobrecalentamiento;2025-06-29;1
2025-06-04;MTR_010;298;8783;839;;;sobrecalentamiento;2025-06-29;1
2025-06-05;MTR_010;211;933;60;;;sobrecalentamiento;2025-06-29;1
2025-06-06;MTR_010;3032;10697;1041;;;sobrecalentamiento;2025-06-29;1
2025-06-07;MTR_010;3181;9695;518;;;sobrecalentamiento;2025-06-29;1
2025-06-08;MTR_010;2551;10346;629;;;sobrecalentamiento;2025-06-29;1
2025-06-09;MTR_010;2107;10562;79;;;sobrecalentamiento;2025-06-29;1
2025-06-10;MTR_010;2547;10787;996;;;sobrecalentamiento;2025-06-29;1
2025-06-11;MTR_010;2315;9689;652;;;sobrecalentamiento;2025-06-29;1
2025-06-12;MTR_010;192;10013;966;;;sobrecalentamiento;2025-06-29;1
2025-06-13;MTR_010;2161;10406;1274;;;sobrecalentamiento;2025-06-29;1
2025-06-14;MTR_010;3017;9353;1058;reemplazo;2025-06-14;sobrecalentamiento;2025-06-29;1
2025-06-15;MTR_010;1617;10507;626;;;sobrecalentamiento;2025-06-29;1
2025-06-16;MTR_010;2985;10103;1163;;;sobrecalentamiento;2025-06-29;1
2025-06-17;MTR_010;1989;8914;856;;;sobrecalentamiento;2025-06-29;1
2025-06-18;MTR_010;1827;8946;1447;;;sobrecalentamiento;2025-06-29;1
2025-06-19;MTR_010;3473;1015;887;;;sobrecalentamiento;2025-06-29;1
2025-06-20;MTR_010;2282;10832;524;;;sobrecalentamiento;2025-06-29;1
2025-06-21;MTR_010;3264;8572;1306;;;sobrecalentamiento;2025-06-29;1
2025-06-22;MTR_010;2507;10625;781;;;sobrecalentamiento;2025-06-29;1
2025-06-23;MTR_010;1687;11439;1196;;;sobrecalentamiento;2025-06-29;1
2025-06-24;MTR_010;2371;9766;626;;;sobrecalentamiento;2025-06-29;1
2025-06-25;MTR_010;3999;12277;1215;;;sobrecalentamiento;2025-06-29;1
2025-06-26;MTR_010;4077;11353;983;;;sobrecalentamiento;2025-06-29;1
2025-06-27;MTR_010;3056;10773;976;;;sobrecalentamiento;2025-06-29;1
2025-06-28;MTR_010;211;11141;1173;;;sobrecalentamiento;2025-06-29;1
2025-06-29;MTR_010;2762;9583;1478;;;sobrecalentamiento;2025-06-29;1
