fecha,motor_id,corriente,temperatura,vibracion
2025-01-01,MTR_001,9.72,75.09,3.06
2025-01-02,MTR_001,8.99,70.45,2.42
2025-01-03,MTR_001,10.27,74.02,2.94
2025-01-04,MTR_001,8.59,72.8,2.59
2025-01-05,MTR_001,9.54,75.75,2.04
2025-01-06,MTR_001,6.91,74.81,2.44
2025-01-07,MTR_001,11.26,73.04,2.05
2025-01-08,MTR_001,9.6,73.29,2.9
2025-01-09,MTR_001,9.75,76.11,2.0
2025-01-10,MTR_001,11.26,78.49,2.58
2025-01-11,MTR_001,11.59,79.42,2.41
2025-01-12,MTR_001,11.34,75.34,3.16
2025-01-13,MTR_001,9.4,74.58,2.54
2025-01-14,MTR_001,10.62,68.78,2.4
2025-01-15,MTR_001,9.37,71.57,2.8
2025-01-16,MTR_001,11.32,72.03,3.29
2025-01-17,MTR_001,9.77,76.13,2.48
2025-01-18,MTR_001,12.39,74.28,2.64
2025-01-19,MTR_001,9.23,74.65,2.2
2025-01-20,MTR_001,10.56,74.18,2.46
2025-01-21,MTR_001,10.07,74.68,2.48
2025-01-22,MTR_001,11.06,72.58,2.26
2025-01-23,MTR_001,9.74,77.3,2.85
2025-01-24,MTR_001,11.05,76.17,2.85
2025-01-25,MTR_001,9.57,72.19,2.43
2025-01-26,MTR_001,10.39,74.49,2.5
2025-01-27,MTR_001,8.66,74.02,2.2
2025-01-28,MTR_001,10.5,74.86,2.43
2025-01-29,MTR_001,10.46,66.47,3.2
2025-01-30,MTR_001,10.28,72.39,2.22
2025-01-31,MTR_001,9.84,77.92,1.39
2025-02-01,MTR_001,8.77,74.25,2.62
2025-02-02,MTR_001,9.39,75.47,3.11
2025-02-03,MTR_001,9.78,80.36,3.27
2025-02-04,MTR_001,11.4,71.99,2.63
2025-02-05,MTR_001,11.63,77.07,2.55
2025-02-06,MTR_001,8.13,75.37,1.85
2025-02-07,MTR_001,10.72,75.41,2.8
2025-02-08,MTR_001,10.11,74.23,2.82
2025-02-09,MTR_001,8.52,74.33,2.06
2025-02-10,MTR_001,10.17,71.27,2.15
2025-02-11,MTR_001,9.8,73.3,2.26
2025-02-12,MTR_001,12.29,77.05,2.5
2025-02-13,MTR_001,9.77,74.45,2.89
2025-02-14,MTR_001,9.32,76.78,2.42
2025-02-15,MTR_001,9.41,81.67,2.68
2025-02-16,MTR_001,8.65,74.91,2.16
2025-02-17,MTR_001,9.41,74.84,2.32
2025-02-18,MTR_001,8.02,75.96,2.17
2025-02-19,MTR_001,9.61,74.87,2.41
2025-02-20,MTR_001,9.4,76.48,2.5
2025-02-21,MTR_001,8.9,80.76,2.87
2025-02-22,MTR_001,9.18,75.9,2.73
2025-02-23,MTR_001,10.43,75.98,2.32
2025-02-24,MTR_001,10.36,80.59,2.7
2025-02-25,MTR_001,10.72,67.08,2.05
2025-02-26,MTR_001,9.82,69.88,2.78
2025-02-27,MTR_001,9.54,74.72,2.28
2025-02-28,MTR_001,8.58,76.04,3.01
2025-03-01,MTR_001,10.0,78.18,2.59
2025-03-02,MTR_001,10.37,78.11,1.96
2025-03-03,MTR_001,10.76,75.52,2.98
2025-03-04,MTR_001,10.71,77.35,2.03
2025-03-05,MTR_001,10.46,71.59,2.83
2025-03-06,MTR_001,11.51,69.39,2.42
2025-03-07,MTR_001,8.38,76.51,2.09
2025-03-08,MTR_001,10.26,75.36,2.05
2025-03-09,MTR_001,9.67,74.4,2.45
2025-03-10,MTR_001,9.31,76.26,3.13
2025-03-11,MTR_001,10.76,74.58,2.4
2025-03-12,MTR_001,9.97,75.02,2.37
2025-03-13,MTR_001,10.49,72.78,1.96
2025-03-14,MTR_001,10.27,79.66,2.98
2025-03-15,MTR_001,10.55,64.93,3.07
2025-03-16,MTR_001,9.55,73.55,1.97
2025-03-17,MTR_001,10.51,77.41,2.13
2025-03-18,MTR_001,9.18,77.02,2.64
2025-03-19,MTR_001,8.9,76.84,1.66
2025-03-20,MTR_001,10.18,73.29,1.79
2025-03-21,MTR_001,11.22,76.42,1.86
2025-03-22,MTR_001,10.39,71.37,2.29
2025-03-23,MTR_001,12.36,71.86,2.5
2025-03-24,MTR_001,8.38,80.12,3.35
2025-03-25,MTR_001,10.08,79.45,1.96
2025-03-26,MTR_001,8.69,71.91,2.01
2025-03-27,MTR_001,10.96,72.91,2.7
2025-03-28,MTR_001,11.29,75.08,2.43
2025-03-29,MTR_001,10.41,74.7,2.46
2025-03-30,MTR_001,10.62,72.68,2.65
2025-03-31,MTR_001,9.89,77.55,2.63
2025-04-01,MTR_001,6.83,77.72,2.02
2025-04-02,MTR_001,9.2,78.35,2.15
2025-04-03,MTR_001,8.92,71.84,2.48
2025-04-04,MTR_001,9.87,74.77,2.5
2025-04-05,MTR_001,10.79,72.53,2.34
2025-04-06,MTR_001,10.42,71.09,2.61
2025-04-07,MTR_001,10.39,76.27,3.11
2025-04-08,MTR_001,9.75,75.21,1.57
2025-04-09,MTR_001,8.95,74.86,2.42
2025-04-10,MTR_001,10.81,72.14,2.42
2025-04-11,MTR_001,10.82,77.36,3.08
2025-04-12,MTR_001,10.72,76.94,2.25
2025-04-13,MTR_001,10.61,72.56,2.16
2025-04-14,MTR_001,13.67,70.68,2.38
2025-04-15,MTR_001,11.73,74.57,2.23
2025-04-16,MTR_001,11.55,77.82,2.32
2025-04-17,MTR_001,8.75,76.25,1.96
2025-04-18,MTR_001,10.55,72.98,3.03
2025-04-19,MTR_001,10.69,74.23,2.64
2025-04-20,MTR_001,11.27,80.13,2.46
2025-04-21,MTR_001,8.31,77.1,2.83
2025-04-22,MTR_001,10.66,75.7,2.1
2025-04-23,MTR_001,9.21,78.77,2.58
2025-04-24,MTR_001,11.24,76.02,2.29
2025-04-25,MTR_001,10.41,76.56,2.7
2025-04-26,MTR_001,10.67,75.51,2.74
2025-04-27,MTR_001,7.43,76.65,2.8
2025-04-28,MTR_001,10.75,79.71,2.28
2025-04-29,MTR_001,10.1,73.03,2.43
2025-04-30,MTR_001,8.8,68.53,2.03
2025-05-01,MTR_001,9.65,78.03,2.46
2025-05-02,MTR_001,9.01,74.91,2.84
2025-05-03,MTR_001,8.86,72.03,2.11
2025-05-04,MTR_001,11.31,74.09,2.34
2025-05-05,MTR_001,8.92,75.43,2.09
2025-05-06,MTR_001,10.77,75.18,2.5
2025-05-07,MTR_001,8.08,75.44,2.7
2025-05-08,MTR_001,7.77,73.04,2.75
2025-05-09,MTR_001,9.98,77.12,2.81
2025-05-10,MTR_001,11.56,76.37,3.11
2025-05-11,MTR_001,8.91,75.4,1.71
2025-05-12,MTR_001,8.91,73.05,2.87
2025-05-13,MTR_001,9.8,75.58,3.01
2025-05-14,MTR_001,8.71,77.68,2.45
2025-05-15,MTR_001,10.1,76.99,2.81
2025-05-16,MTR_001,8.88,80.32,2.99
2025-05-17,MTR_001,11.59,74.05,3.49
2025-05-18,MTR_001,8.46,80.7,2.62
2025-05-19,MTR_001,10.93,75.82,2.49
2025-05-20,MTR_001,11.27,80.73,3.04
2025-05-21,MTR_001,10.96,80.41,3.58
2025-05-22,MTR_001,10.37,75.8,1.86
2025-05-23,MTR_001,12.07,75.42,3.06
2025-05-24,MTR_001,13.12,78.88,3.21
2025-05-25,MTR_001,15.69,78.8,4.23
2025-05-26,MTR_001,13.24,75.23,4.17
2025-05-27,MTR_001,15.67,84.47,4.18
2025-05-28,MTR_001,13.11,80.26,3.83
2025-05-29,MTR_001,12.93,74.33,4.92
2025-05-30,MTR_001,14.98,78.34,5.39
2025-05-31,MTR_001,13.9,90.77,3.53
2025-06-01,MTR_001,16.36,80.03,5.11
2025-06-02,MTR_001,14.32,81.59,5.27
2025-06-03,MTR_001,15.43,82.28,4.1
2025-06-04,MTR_001,12.47,83.11,5.39
2025-06-05,MTR_001,13.61,79.89,6.78
2025-06-06,MTR_001,21.57,81.52,5.5
2025-06-07,MTR_001,17.54,88.14,5.87
2025-06-08,MTR_001,13.62,88.36,4.65
2025-06-09,MTR_001,18.67,85.66,4.63
2025-06-10,MTR_001,14.25,84.41,4.19
2025-06-11,MTR_001,18.15,89.92,7.93
2025-06-12,MTR_001,15.92,94.02,4.43
2025-06-13,MTR_001,22.63,87.82,5.98
2025-06-14,MTR_001,22.56,82.95,5.33
2025-06-15,MTR_001,19.92,85.14,6.31
2025-06-16,MTR_001,22.8,91.02,8.15
2025-06-17,MTR_001,24.31,96.74,7.24
2025-06-18,MTR_001,26.46,83.13,4.1
2025-06-19,MTR_001,25.75,95.82,9.08
2025-06-20,MTR_001,23.45,85.23,5.38
2025-06-21,MTR_001,19.74,92.04,7.48
2025-06-22,MTR_001,17.02,93.68,5.54
2025-06-23,MTR_001,15.09,95.17,7.17
2025-06-24,MTR_001,26.41,98.59,8.69
2025-06-25,MTR_001,23.56,95.11,7.5
2025-06-26,MTR_001,19.16,88.81,6.79
2025-06-27,MTR_001,20.41,101.61,6.23
2025-06-28,MTR_001,18.16,88.87,10.0
2025-06-29,MTR_001,23.23,88.93,7.57
2025-01-01,MTR_002,11.07,75.44,2.68
2025-01-02,MTR_002,10.75,76.88,2.13
2025-01-03,MTR_002,10.65,72.24,2.88
2025-01-04,MTR_002,10.47,77.61,3.34
2025-01-05,MTR_002,9.45,75.71,3.72
2025-01-06,MTR_002,9.76,73.94,3.5
2025-01-07,MTR_002,9.42,77.8,2.36
2025-01-08,MTR_002,10.77,77.5,2.52
2025-01-09,MTR_002,9.43,79.01,2.31
2025-01-10,MTR_002,9.27,75.42,2.38
2025-01-11,MTR_002,9.09,73.55,2.47
2025-01-12,MTR_002,11.35,79.26,2.05
2025-01-13,MTR_002,9.99,71.52,2.66
2025-01-14,MTR_002,11.16,75.85,2.77
2025-01-15,MTR_002,10.56,76.34,2.18
2025-01-16,MTR_002,10.53,78.53,2.66
2025-01-17,MTR_002,11.31,64.11,2.25
2025-01-18,MTR_002,10.17,79.94,2.35
2025-01-19,MTR_002,10.31,76.78,2.89
2025-01-20,MTR_002,11.32,70.05,3.76
2025-01-21,MTR_002,10.36,76.73,3.11
2025-01-22,MTR_002,10.05,74.43,2.9
2025-01-23,MTR_002,10.55,72.25,2.33
2025-01-24,MTR_002,9.82,76.69,2.4
2025-01-25,MTR_002,8.56,75.54,3.17
2025-01-26,MTR_002,11.27,73.6,2.62
2025-01-27,MTR_002,8.75,75.99,2.71
2025-01-28,MTR_002,8.89,72.36,2.12
2025-01-29,MTR_002,8.79,79.96,2.52
2025-01-30,MTR_002,11.28,76.91,2.34
2025-01-31,MTR_002,11.53,75.67,2.38
2025-02-01,MTR_002,10.43,79.09,2.35
2025-02-02,MTR_002,10.4,72.35,2.5
2025-02-03,MTR_002,10.38,80.27,2.36
2025-02-04,MTR_002,8.96,72.91,3.03
2025-02-05,MTR_002,9.16,66.44,1.98
2025-02-06,MTR_002,10.35,73.22,2.51
2025-02-07,MTR_002,12.62,71.93,2.47
2025-02-08,MTR_002,10.45,77.13,1.87
2025-02-09,MTR_002,8.98,72.4,2.89
2025-02-10,MTR_002,11.6,79.85,3.12
2025-02-11,MTR_002,9.67,76.69,3.15
2025-02-12,MTR_002,10.92,76.2,2.35
2025-02-13,MTR_002,10.25,74.0,2.55
2025-02-14,MTR_002,11.15,75.85,2.75
2025-02-15,MTR_002,9.69,79.61,2.11
2025-02-16,MTR_002,8.58,76.47,2.89
2025-02-17,MTR_002,8.68,70.92,2.73
2025-02-18,MTR_002,7.9,73.18,2.66
2025-02-19,MTR_002,8.29,75.94,1.93
2025-02-20,MTR_002,9.53,80.8,3.35
2025-02-21,MTR_002,11.39,71.6,2.2
2025-02-22,MTR_002,8.45,75.86,2.26
2025-02-23,MTR_002,11.06,69.52,2.66
2025-02-24,MTR_002,8.18,76.79,1.85
2025-02-25,MTR_002,11.06,73.37,2.43
2025-02-26,MTR_002,10.54,75.95,2.5
2025-02-27,MTR_002,10.0,70.56,1.54
2025-02-28,MTR_002,9.24,70.21,2.14
2025-03-01,MTR_002,9.56,75.96,2.02
2025-03-02,MTR_002,10.37,79.47,2.15
2025-03-03,MTR_002,9.39,77.11,2.62
2025-03-04,MTR_002,9.4,73.49,2.54
2025-03-05,MTR_002,9.36,70.42,3.3
2025-03-06,MTR_002,10.14,73.84,2.55
2025-03-07,MTR_002,9.04,74.28,2.63
2025-03-08,MTR_002,11.22,72.44,2.36
2025-03-09,MTR_002,12.61,75.23,3.44
2025-03-10,MTR_002,9.16,72.83,2.6
2025-03-11,MTR_002,9.21,76.74,1.92
2025-03-12,MTR_002,8.04,74.0,2.59
2025-03-13,MTR_002,9.8,74.12,1.83
2025-03-14,MTR_002,9.67,71.65,2.27
2025-03-15,MTR_002,10.02,72.33,2.21
2025-03-16,MTR_002,10.96,75.65,2.12
2025-03-17,MTR_002,9.44,73.74,1.9
2025-03-18,MTR_002,11.0,73.96,1.96
2025-03-19,MTR_002,8.52,74.61,3.25
2025-03-20,MTR_002,8.69,69.93,3.06
2025-03-21,MTR_002,11.07,76.94,2.6
2025-03-22,MTR_002,9.95,71.79,2.29
2025-03-23,MTR_002,9.58,80.0,2.45
2025-03-24,MTR_002,8.0,77.73,2.29
2025-03-25,MTR_002,9.32,74.37,2.54
2025-03-26,MTR_002,10.09,73.01,2.69
2025-03-27,MTR_002,10.38,73.41,2.91
2025-03-28,MTR_002,8.67,70.81,2.39
2025-03-29,MTR_002,9.93,73.73,2.62
2025-03-30,MTR_002,8.18,76.28,2.89
2025-03-31,MTR_002,8.79,74.09,2.15
2025-04-01,MTR_002,10.45,72.67,2.87
2025-04-02,MTR_002,9.89,77.62,2.01
2025-04-03,MTR_002,8.89,75.5,3.01
2025-04-04,MTR_002,8.64,77.96,2.13
2025-04-05,MTR_002,8.97,76.92,2.84
2025-04-06,MTR_002,12.46,75.47,2.28
2025-04-07,MTR_002,11.52,81.77,2.77
2025-04-08,MTR_002,9.75,74.94,2.77
2025-04-09,MTR_002,10.96,71.53,2.95
2025-04-10,MTR_002,8.76,76.91,2.66
2025-04-11,MTR_002,10.91,78.21,2.73
2025-04-12,MTR_002,9.66,72.62,3.32
2025-04-13,MTR_002,8.42,77.15,2.29
2025-04-14,MTR_002,9.42,72.58,2.11
2025-04-15,MTR_002,11.31,74.78,2.67
2025-04-16,MTR_002,9.41,76.03,3.08
2025-04-17,MTR_002,7.52,73.72,1.4
2025-04-18,MTR_002,10.85,71.8,2.49
2025-04-19,MTR_002,10.96,71.82,2.37
2025-04-20,MTR_002,10.09,75.03,2.63
2025-04-21,MTR_002,10.24,77.41,3.58
2025-04-22,MTR_002,10.77,71.65,2.71
2025-04-23,MTR_002,11.5,75.82,2.45
2025-04-24,MTR_002,10.82,76.03,2.81
2025-04-25,MTR_002,9.88,76.44,2.6
2025-04-26,MTR_002,10.17,77.91,2.5
2025-04-27,MTR_002,10.7,78.02,2.74
2025-04-28,MTR_002,8.07,73.64,2.28
2025-04-29,MTR_002,10.35,72.97,2.61
2025-04-30,MTR_002,11.44,73.21,2.51
2025-05-01,MTR_002,9.61,76.6,2.59
2025-05-02,MTR_002,10.51,76.68,2.87
2025-05-03,MTR_002,9.18,74.14,2.7
2025-05-04,MTR_002,10.56,79.02,2.1
2025-05-05,MTR_002,9.72,77.35,2.35
2025-05-06,MTR_002,9.21,74.42,3.64
2025-05-07,MTR_002,10.57,71.76,2.03
2025-05-08,MTR_002,10.58,67.13,2.26
2025-05-09,MTR_002,10.71,73.43,2.96
2025-05-10,MTR_002,8.02,77.72,2.82
2025-05-11,MTR_002,10.57,74.19,1.96
2025-05-12,MTR_002,11.08,74.74,2.96
2025-05-13,MTR_002,10.99,74.92,3.06
2025-05-14,MTR_002,10.24,74.58,2.49
2025-05-15,MTR_002,8.78,75.02,2.5
2025-05-16,MTR_002,12.06,69.94,2.72
2025-05-17,MTR_002,12.73,71.31,2.3
2025-05-18,MTR_002,10.62,74.64,3.05
2025-05-19,MTR_002,11.4,70.64,2.45
2025-05-20,MTR_002,9.97,77.36,3.04
2025-05-21,MTR_002,10.9,73.85,2.52
2025-05-22,MTR_002,9.95,76.51,3.03
2025-05-23,MTR_002,10.62,75.7,2.45
2025-05-24,MTR_002,10.82,75.2,2.4
2025-05-25,MTR_002,9.0,73.16,3.28
2025-05-26,MTR_002,10.83,74.4,2.41
2025-05-27,MTR_002,10.01,76.79,2.25
2025-05-28,MTR_002,11.3,72.95,2.59
2025-05-29,MTR_002,10.07,77.33,2.82
2025-05-30,MTR_002,11.39,74.77,3.07
2025-05-31,MTR_002,10.52,75.85,2.24
2025-06-01,MTR_002,9.39,77.57,2.05
2025-06-02,MTR_002,10.24,73.38,2.64
2025-06-03,MTR_002,9.52,75.75,2.32
2025-06-04,MTR_002,12.08,80.26,2.17
2025-06-05,MTR_002,9.34,75.48,2.15
2025-06-06,MTR_002,10.46,75.65,2.59
2025-06-07,MTR_002,10.75,70.99,2.14
2025-06-08,MTR_002,11.13,68.82,2.18
2025-06-09,MTR_002,11.78,74.55,2.1
2025-06-10,MTR_002,9.52,77.49,2.24
2025-06-11,MTR_002,10.87,71.72,2.53
2025-06-12,MTR_002,8.91,73.53,2.28
2025-06-13,MTR_002,11.04,72.62,2.56
2025-06-14,MTR_002,9.1,71.49,2.67
2025-06-15,MTR_002,9.97,75.76,2.29
2025-06-16,MTR_002,10.13,75.98,2.58
2025-06-17,MTR_002,9.22,78.74,2.89
2025-06-18,MTR_002,11.55,76.67,2.58
2025-06-19,MTR_002,9.33,73.32,2.37
2025-06-20,MTR_002,10.01,66.53,2.81
2025-06-21,MTR_002,10.47,77.68,2.26
2025-06-22,MTR_002,11.03,77.54,3.04
2025-06-23,MTR_002,7.81,73.12,2.77
2025-06-24,MTR_002,10.53,69.07,2.01
2025-06-25,MTR_002,9.89,66.98,2.72
2025-06-26,MTR_002,10.51,76.74,2.56
2025-06-27,MTR_002,11.36,75.97,2.1
2025-06-28,MTR_002,10.55,75.21,2.21
2025-06-29,MTR_002,9.72,72.17,2.3
2025-01-01,MTR_003,9.96,74.98,1.67
2025-01-02,MTR_003,9.82,78.48,2.63
2025-01-03,MTR_003,10.43,73.25,2.62
2025-01-04,MTR_003,10.0,72.99,2.17
2025-01-05,MTR_003,9.66,76.23,3.6
2025-01-06,MTR_003,10.0,79.74,2.46
2025-01-07,MTR_003,10.29,71.14,3.4
2025-01-08,MTR_003,10.26,71.56,2.17
2025-01-09,MTR_003,7.68,77.28,2.51
2025-01-10,MTR_003,9.94,76.22,2.52
2025-01-11,MTR_003,9.92,74.15,1.88
2025-01-12,MTR_003,9.67,73.6,2.68
2025-01-13,MTR_003,9.42,75.88,2.51
2025-01-14,MTR_003,10.83,79.28,2.45
2025-01-15,MTR_003,9.54,81.29,2.77
2025-01-16,MTR_003,9.26,75.91,2.5
2025-01-17,MTR_003,10.39,71.51,2.61
2025-01-18,MTR_003,10.23,72.73,3.45
2025-01-19,MTR_003,8.87,77.26,2.19
2025-01-20,MTR_003,8.8,77.49,2.15
2025-01-21,MTR_003,8.35,69.98,3.23
2025-01-22,MTR_003,9.37,79.88,3.19
2025-01-23,MTR_003,10.4,75.32,2.26
2025-01-24,MTR_003,9.99,72.32,2.44
2025-01-25,MTR_003,9.57,74.53,2.72
2025-01-26,MTR_003,10.62,73.83,2.51
2025-01-27,MTR_003,11.1,79.82,2.62
2025-01-28,MTR_003,9.55,72.31,2.7
2025-01-29,MTR_003,10.47,80.98,2.88
2025-01-30,MTR_003,8.55,72.77,3.03
2025-01-31,MTR_003,10.22,75.52,2.54
2025-02-01,MTR_003,10.13,68.46,2.07
2025-02-02,MTR_003,9.72,77.68,2.08
2025-02-03,MTR_003,8.87,76.23,2.4
2025-02-04,MTR_003,10.1,69.27,2.05
2025-02-05,MTR_003,9.94,70.38,2.9
2025-02-06,MTR_003,11.46,78.09,2.55
2025-02-07,MTR_003,10.23,76.91,2.53
2025-02-08,MTR_003,8.43,75.43,2.78
2025-02-09,MTR_003,9.57,75.19,2.59
2025-02-10,MTR_003,10.08,74.09,2.88
2025-02-11,MTR_003,8.54,73.85,3.1
2025-02-12,MTR_003,10.87,75.34,2.47
2025-02-13,MTR_003,10.32,70.84,2.36
2025-02-14,MTR_003,10.64,72.64,3.24
2025-02-15,MTR_003,10.31,75.95,3.01
2025-02-16,MTR_003,11.49,75.63,2.31
2025-02-17,MTR_003,9.63,73.62,1.89
2025-02-18,MTR_003,10.32,72.31,3.13
2025-02-19,MTR_003,8.73,73.6,1.97
2025-02-20,MTR_003,9.24,74.3,2.65
2025-02-21,MTR_003,9.78,78.44,2.35
2025-02-22,MTR_003,10.15,76.12,2.6
2025-02-23,MTR_003,8.89,71.15,2.69
2025-02-24,MTR_003,9.4,78.57,2.16
2025-02-25,MTR_003,11.75,75.86,2.94
2025-02-26,MTR_003,11.06,76.22,2.35
2025-02-27,MTR_003,10.49,78.81,2.09
2025-02-28,MTR_003,7.89,78.37,2.16
2025-03-01,MTR_003,9.12,78.01,2.7
2025-03-02,MTR_003,10.25,73.52,2.28
2025-03-03,MTR_003,10.16,77.35,2.57
2025-03-04,MTR_003,9.95,74.46,2.59
2025-03-05,MTR_003,9.9,76.26,2.64
2025-03-06,MTR_003,9.67,78.39,2.65
2025-03-07,MTR_003,9.42,72.8,2.38
2025-03-08,MTR_003,10.88,77.42,2.37
2025-03-09,MTR_003,10.5,81.51,2.77
2025-03-10,MTR_003,10.59,78.1,2.64
2025-03-11,MTR_003,9.43,73.92,2.27
2025-03-12,MTR_003,9.18,74.4,2.85
2025-03-13,MTR_003,8.89,75.04,1.4
2025-03-14,MTR_003,9.5,74.38,3.0
2025-03-15,MTR_003,9.72,76.44,2.58
2025-03-16,MTR_003,10.47,76.29,2.31
2025-03-17,MTR_003,10.39,73.97,2.54
2025-03-18,MTR_003,9.33,74.39,3.06
2025-03-19,MTR_003,8.13,75.8,2.68
2025-03-20,MTR_003,10.63,73.65,2.34
2025-03-21,MTR_003,10.62,78.8,2.59
2025-03-22,MTR_003,10.77,70.35,3.16
2025-03-23,MTR_003,10.25,69.28,2.54
2025-03-24,MTR_003,10.97,74.32,1.62
2025-03-25,MTR_003,10.54,79.94,2.59
2025-03-26,MTR_003,10.27,75.11,1.84
2025-03-27,MTR_003,10.45,74.95,1.98
2025-03-28,MTR_003,10.24,77.45,2.43
2025-03-29,MTR_003,9.84,74.32,2.21
2025-03-30,MTR_003,9.67,76.08,2.45
2025-03-31,MTR_003,11.24,75.9,2.07
2025-04-01,MTR_003,10.81,73.04,2.52
2025-04-02,MTR_003,7.42,72.83,3.16
2025-04-03,MTR_003,10.08,76.18,2.91
2025-04-04,MTR_003,9.99,74.18,2.23
2025-04-05,MTR_003,9.98,76.97,2.35
2025-04-06,MTR_003,9.46,73.18,2.18
2025-04-07,MTR_003,9.87,73.41,2.03
2025-04-08,MTR_003,8.83,74.0,2.14
2025-04-09,MTR_003,10.62,76.46,2.49
2025-04-10,MTR_003,9.0,74.46,2.51
2025-04-11,MTR_003,10.11,76.21,2.13
2025-04-12,MTR_003,8.81,75.72,1.83
2025-04-13,MTR_003,10.19,73.42,2.15
2025-04-14,MTR_003,8.39,70.62,2.46
2025-04-15,MTR_003,11.47,76.31,2.33
2025-04-16,MTR_003,10.93,77.25,2.54
2025-04-17,MTR_003,12.34,79.12,3.55
2025-04-18,MTR_003,13.28,77.18,4.11
2025-04-19,MTR_003,10.71,78.74,4.28
2025-04-20,MTR_003,11.7,76.25,3.3
2025-04-21,MTR_003,13.09,76.5,4.52
2025-04-22,MTR_003,12.34,85.36,2.88
2025-04-23,MTR_003,15.04,79.17,3.47
2025-04-24,MTR_003,11.2,75.19,3.79
2025-04-25,MTR_003,13.79,82.97,3.98
2025-04-26,MTR_003,16.45,80.29,4.47
2025-04-27,MTR_003,13.11,77.87,4.56
2025-04-28,MTR_003,14.58,79.39,4.22
2025-04-29,MTR_003,15.91,79.42,4.99
2025-04-30,MTR_003,14.51,84.36,5.97
2025-05-01,MTR_003,14.39,82.75,3.44
2025-05-02,MTR_003,14.62,87.6,3.14
2025-05-03,MTR_003,15.49,84.49,4.47
2025-05-04,MTR_003,16.26,89.01,4.06
2025-05-05,MTR_003,17.78,86.05,5.11
2025-05-06,MTR_003,13.76,84.21,5.8
2025-05-07,MTR_003,18.87,89.27,4.95
2025-05-08,MTR_003,13.68,83.62,3.88
2025-05-09,MTR_003,22.64,85.8,4.51
2025-05-10,MTR_003,21.55,82.72,5.21
2025-05-11,MTR_003,20.73,92.1,5.06
2025-05-12,MTR_003,18.18,83.66,7.3
2025-05-13,MTR_003,21.3,92.61,5.21
2025-05-14,MTR_003,21.71,91.38,6.3
2025-05-15,MTR_003,24.87,80.76,4.31
2025-05-16,MTR_003,19.79,97.91,7.21
2025-05-17,MTR_003,26.24,98.44,5.9
2025-05-18,MTR_003,21.29,93.3,5.06
2025-05-19,MTR_003,18.37,88.14,5.46
2025-05-20,MTR_003,26.78,93.92,6.53
2025-05-21,MTR_003,17.79,82.59,8.52
2025-05-22,MTR_003,21.8,108.29,10.35
2025-05-23,MTR_003,28.08,87.24,9.98
2025-05-24,MTR_003,23.42,92.54,10.11
2025-05-25,MTR_003,23.35,89.21,7.91
2025-05-26,MTR_003,27.23,98.11,9.3
2025-05-27,MTR_003,18.3,88.46,6.3
2025-05-28,MTR_003,14.91,108.22,7.28
2025-05-29,MTR_003,27.25,103.35,7.56
2025-05-30,MTR_003,33.24,109.47,5.66
2025-05-31,MTR_003,31.37,106.3,6.92
2025-06-01,MTR_003,18.49,91.52,11.58
2025-06-02,MTR_003,19.51,110.7,8.19
2025-06-03,MTR_003,27.71,103.87,12.08
2025-06-04,MTR_003,24.41,89.52,7.8
2025-06-05,MTR_003,14.71,83.05,4.53
2025-06-06,MTR_003,30.99,102.82,7.84
2025-06-07,MTR_003,33.06,109.56,10.55
2025-06-08,MTR_003,27.51,91.22,6.71
2025-06-09,MTR_003,33.82,93.14,13.34
2025-06-10,MTR_003,21.94,98.25,13.92
2025-06-11,MTR_003,17.17,106.39,6.89
2025-06-12,MTR_003,24.09,94.62,8.19
2025-06-13,MTR_003,24.65,86.62,12.12
2025-06-14,MTR_003,19.41,115.64,11.45
2025-06-15,MTR_003,35.29,91.26,12.78
2025-06-16,MTR_003,32.27,110.63,13.79
2025-06-17,MTR_003,29.03,91.72,13.26
2025-06-18,MTR_003,24.02,115.36,8.05
2025-06-19,MTR_003,21.69,120.79,8.28
2025-06-20,MTR_003,23.16,107.95,6.37
2025-06-21,MTR_003,37.72,118.83,10.27
2025-06-22,MTR_003,40.46,125.82,15.45
2025-06-23,MTR_003,31.17,112.34,8.37
2025-06-24,MTR_003,18.63,118.46,9.05
2025-06-25,MTR_003,36.33,121.77,10.15
2025-06-26,MTR_003,18.74,103.33,12.06
2025-06-27,MTR_003,47.04,109.16,16.22
2025-06-28,MTR_003,21.7,94.41,10.74
2025-06-29,MTR_003,23.32,123.49,8.27
2025-01-01,MTR_004,10.5,73.27,2.48
2025-01-02,MTR_004,12.27,80.59,2.44
2025-01-03,MTR_004,10.97,78.47,2.11
2025-01-04,MTR_004,10.2,77.31,2.85
2025-01-05,MTR_004,11.3,74.25,2.57
2025-01-06,MTR_004,8.08,77.03,2.28
2025-01-07,MTR_004,10.92,78.22,1.73
2025-01-08,MTR_004,11.15,75.43,2.46
2025-01-09,MTR_004,10.04,74.45,2.22
2025-01-10,MTR_004,10.31,70.5,2.07
2025-01-11,MTR_004,8.8,74.61,2.53
2025-01-12,MTR_004,10.32,79.43,2.74
2025-01-13,MTR_004,10.42,75.35,2.79
2025-01-14,MTR_004,10.51,80.72,2.81
2025-01-15,MTR_004,9.03,76.81,1.99
2025-01-16,MTR_004,8.77,72.76,2.37
2025-01-17,MTR_004,8.9,79.63,2.58
2025-01-18,MTR_004,8.83,78.4,2.32
2025-01-19,MTR_004,9.16,74.48,1.98
2025-01-20,MTR_004,11.32,75.16,3.0
2025-01-21,MTR_004,10.24,80.43,3.02
2025-01-22,MTR_004,9.18,75.22,3.13
2025-01-23,MTR_004,9.98,69.52,2.52
2025-01-24,MTR_004,10.17,75.97,2.66
2025-01-25,MTR_004,10.05,72.3,2.25
2025-01-26,MTR_004,9.31,76.25,2.85
2025-01-27,MTR_004,10.94,74.75,2.87
2025-01-28,MTR_004,9.57,76.1,2.18
2025-01-29,MTR_004,9.65,73.96,2.09
2025-01-30,MTR_004,10.27,72.09,1.7
2025-01-31,MTR_004,9.69,75.11,2.97
2025-02-01,MTR_004,10.4,80.6,1.89
2025-02-02,MTR_004,9.38,78.49,1.77
2025-02-03,MTR_004,11.16,76.47,2.9
2025-02-04,MTR_004,10.54,74.5,1.99
2025-02-05,MTR_004,9.34,78.83,2.31
2025-02-06,MTR_004,9.58,79.5,2.36
2025-02-07,MTR_004,11.43,75.44,3.08
2025-02-08,MTR_004,11.13,77.62,3.19
2025-02-09,MTR_004,9.8,79.57,2.31
2025-02-10,MTR_004,10.52,76.83,2.94
2025-02-11,MTR_004,11.19,69.24,2.28
2025-02-12,MTR_004,7.2,75.58,2.66
2025-02-13,MTR_004,11.16,78.17,2.91
2025-02-14,MTR_004,8.87,76.34,2.84
2025-02-15,MTR_004,10.26,78.36,2.43
2025-02-16,MTR_004,9.96,77.14,2.46
2025-02-17,MTR_004,11.51,71.0,2.06
2025-02-18,MTR_004,11.03,73.06,2.61
2025-02-19,MTR_004,9.56,75.26,3.13
2025-02-20,MTR_004,8.8,78.48,2.71
2025-02-21,MTR_004,9.46,76.73,2.65
2025-02-22,MTR_004,9.79,77.03,2.9
2025-02-23,MTR_004,9.29,74.79,2.03
2025-02-24,MTR_004,10.58,72.97,2.22
2025-02-25,MTR_004,9.45,73.16,2.87
2025-02-26,MTR_004,11.13,73.0,2.71
2025-02-27,MTR_004,10.51,74.22,1.83
2025-02-28,MTR_004,10.23,71.31,1.83
2025-03-01,MTR_004,7.87,75.64,2.39
2025-03-02,MTR_004,11.65,68.75,2.37
2025-03-03,MTR_004,10.59,73.25,2.12
2025-03-04,MTR_004,11.35,76.19,2.34
2025-03-05,MTR_004,10.67,77.86,2.22
2025-03-06,MTR_004,9.7,76.29,2.85
2025-03-07,MTR_004,10.5,74.92,1.74
2025-03-08,MTR_004,9.88,73.25,2.78
2025-03-09,MTR_004,12.28,73.72,2.82
2025-03-10,MTR_004,8.93,70.76,2.76
2025-03-11,MTR_004,10.72,73.7,2.7
2025-03-12,MTR_004,8.66,71.8,2.46
2025-03-13,MTR_004,8.72,76.64,2.27
2025-03-14,MTR_004,9.92,81.07,2.71
2025-03-15,MTR_004,8.41,77.05,2.55
2025-03-16,MTR_004,8.7,76.48,2.04
2025-03-17,MTR_004,8.86,79.33,2.31
2025-03-18,MTR_004,8.42,76.35,2.24
2025-03-19,MTR_004,11.97,78.27,2.25
2025-03-20,MTR_004,10.43,77.66,3.24
2025-03-21,MTR_004,11.55,72.5,2.96
2025-03-22,MTR_004,10.72,72.86,2.59
2025-03-23,MTR_004,11.71,73.95,2.81
2025-03-24,MTR_004,9.38,75.98,2.07
2025-03-25,MTR_004,11.04,75.64,2.56
2025-03-26,MTR_004,10.61,74.39,2.46
2025-03-27,MTR_004,8.77,80.7,2.48
2025-03-28,MTR_004,10.05,79.51,2.41
2025-03-29,MTR_004,9.84,74.67,2.41
2025-03-30,MTR_004,10.14,74.1,2.38
2025-03-31,MTR_004,11.1,73.35,2.71
2025-04-01,MTR_004,11.35,76.97,1.85
2025-04-02,MTR_004,8.66,69.96,2.65
2025-04-03,MTR_004,10.99,78.97,2.38
2025-04-04,MTR_004,9.09,74.18,2.88
2025-04-05,MTR_004,9.73,75.39,2.47
2025-04-06,MTR_004,8.75,76.72,1.37
2025-04-07,MTR_004,10.53,71.67,2.24
2025-04-08,MTR_004,9.64,77.1,2.39
2025-04-09,MTR_004,9.37,71.98,2.45
2025-04-10,MTR_004,10.4,77.7,2.16
2025-04-11,MTR_004,9.25,78.23,2.59
2025-04-12,MTR_004,10.43,77.38,3.12
2025-04-13,MTR_004,10.5,77.46,2.09
2025-04-14,MTR_004,11.28,74.13,2.62
2025-04-15,MTR_004,10.85,74.39,2.68
2025-04-16,MTR_004,12.4,75.0,2.42
2025-04-17,MTR_004,9.5,74.17,2.01
2025-04-18,MTR_004,9.18,72.5,2.8
2025-04-19,MTR_004,9.98,69.95,2.83
2025-04-20,MTR_004,8.85,72.11,2.42
2025-04-21,MTR_004,9.82,73.14,2.76
2025-04-22,MTR_004,9.37,76.18,2.25
2025-04-23,MTR_004,11.62,80.06,1.9
2025-04-24,MTR_004,10.23,73.51,2.64
2025-04-25,MTR_004,9.81,73.51,2.8
2025-04-26,MTR_004,9.13,75.53,2.56
2025-04-27,MTR_004,9.3,74.04,1.62
2025-04-28,MTR_004,8.62,70.49,2.29
2025-04-29,MTR_004,11.32,73.98,2.4
2025-04-30,MTR_004,9.95,75.52,2.38
2025-05-01,MTR_004,9.52,72.26,2.49
2025-05-02,MTR_004,10.66,73.1,2.78
2025-05-03,MTR_004,7.76,78.41,2.6
2025-05-04,MTR_004,8.72,77.6,2.43
2025-05-05,MTR_004,9.86,76.02,2.62
2025-05-06,MTR_004,8.73,74.73,2.31
2025-05-07,MTR_004,12.64,74.28,2.29
2025-05-08,MTR_004,9.48,78.77,2.47
2025-05-09,MTR_004,10.23,77.6,1.84
2025-05-10,MTR_004,7.93,71.2,2.87
2025-05-11,MTR_004,9.75,78.69,2.79
2025-05-12,MTR_004,9.66,76.64,3.1
2025-05-13,MTR_004,9.07,73.74,2.67
2025-05-14,MTR_004,10.94,75.07,2.53
2025-05-15,MTR_004,8.17,74.42,2.63
2025-05-16,MTR_004,10.67,73.91,2.37
2025-05-17,MTR_004,11.88,67.0,2.26
2025-05-18,MTR_004,10.35,73.7,1.38
2025-05-19,MTR_004,9.61,75.74,3.24
2025-05-20,MTR_004,8.99,75.79,2.89
2025-05-21,MTR_004,10.59,75.05,2.81
2025-05-22,MTR_004,9.67,77.09,3.54
2025-05-23,MTR_004,11.41,76.26,2.18
2025-05-24,MTR_004,11.44,75.53,2.51
2025-05-25,MTR_004,11.77,74.95,2.58
2025-05-26,MTR_004,9.27,77.27,1.56
2025-05-27,MTR_004,11.32,78.34,2.31
2025-05-28,MTR_004,9.8,73.42,2.66
2025-05-29,MTR_004,9.7,71.69,2.35
2025-05-30,MTR_004,9.09,78.23,2.06
2025-05-31,MTR_004,9.4,74.89,2.7
2025-06-01,MTR_004,9.94,71.01,2.41
2025-06-02,MTR_004,10.23,73.92,2.14
2025-06-03,MTR_004,8.53,77.9,1.67
2025-06-04,MTR_004,9.44,75.03,2.08
2025-06-05,MTR_004,9.18,74.21,3.23
2025-06-06,MTR_004,9.99,74.07,2.31
2025-06-07,MTR_004,9.97,78.28,2.03
2025-06-08,MTR_004,10.51,76.66,2.67
2025-06-09,MTR_004,9.17,71.18,2.87
2025-06-10,MTR_004,10.22,78.3,2.74
2025-06-11,MTR_004,9.82,73.2,2.54
2025-06-12,MTR_004,8.85,75.27,2.78
2025-06-13,MTR_004,9.89,76.81,2.06
2025-06-14,MTR_004,9.19,71.31,2.54
2025-06-15,MTR_004,9.19,73.77,2.36
2025-06-16,MTR_004,11.01,81.06,2.77
2025-06-17,MTR_004,10.51,80.13,1.96
2025-06-18,MTR_004,12.17,78.28,2.13
2025-06-19,MTR_004,10.36,73.42,2.56
2025-06-20,MTR_004,9.94,73.24,2.77
2025-06-21,MTR_004,8.77,67.04,2.12
2025-06-22,MTR_004,11.08,74.05,2.59
2025-06-23,MTR_004,10.63,82.44,2.51
2025-06-24,MTR_004,8.55,74.5,2.62
2025-06-25,MTR_004,10.57,76.91,2.25
2025-06-26,MTR_004,10.08,74.31,2.6
2025-06-27,MTR_004,9.69,69.37,2.11
2025-06-28,MTR_004,9.01,76.53,2.62
2025-06-29,MTR_004,9.4,79.52,3.33
2025-01-01,MTR_005,9.02,72.4,3.57
2025-01-02,MTR_005,11.27,77.99,3.1
2025-01-03,MTR_005,9.56,70.1,2.11
2025-01-04,MTR_005,9.9,72.92,3.06
2025-01-05,MTR_005,10.36,78.35,2.32
2025-01-06,MTR_005,8.22,79.81,2.74
2025-01-07,MTR_005,8.7,73.22,1.92
2025-01-08,MTR_005,8.69,79.83,2.79
2025-01-09,MTR_005,10.11,82.42,2.43
2025-01-10,MTR_005,6.74,78.52,1.96
2025-01-11,MTR_005,9.35,73.05,3.11
2025-01-12,MTR_005,11.24,72.61,2.86
2025-01-13,MTR_005,9.71,78.34,2.72
2025-01-14,MTR_005,9.99,78.16,2.11
2025-01-15,MTR_005,10.01,83.61,3.56
2025-01-16,MTR_005,9.16,78.57,3.45
2025-01-17,MTR_005,9.01,75.53,1.58
2025-01-18,MTR_005,10.46,75.04,2.9
2025-01-19,MTR_005,9.69,75.03,2.46
2025-01-20,MTR_005,10.53,70.27,2.72
2025-01-21,MTR_005,10.92,72.73,2.62
2025-01-22,MTR_005,9.67,73.45,2.53
2025-01-23,MTR_005,8.74,79.94,2.49
2025-01-24,MTR_005,11.41,80.39,2.61
2025-01-25,MTR_005,8.6,76.22,3.15
2025-01-26,MTR_005,10.39,74.86,3.03
2025-01-27,MTR_005,10.36,72.73,2.94
2025-01-28,MTR_005,9.9,73.95,2.47
2025-01-29,MTR_005,9.79,77.48,1.15
2025-01-30,MTR_005,12.72,77.36,2.46
2025-01-31,MTR_005,10.32,75.57,2.65
2025-02-01,MTR_005,9.18,76.58,2.15
2025-02-02,MTR_005,10.11,74.85,2.3
2025-02-03,MTR_005,8.96,70.35,2.01
2025-02-04,MTR_005,10.77,79.78,2.19
2025-02-05,MTR_005,10.8,74.89,2.78
2025-02-06,MTR_005,9.76,74.17,2.21
2025-02-07,MTR_005,8.98,67.17,1.62
2025-02-08,MTR_005,9.99,77.5,2.52
2025-02-09,MTR_005,10.64,74.16,2.67
2025-02-10,MTR_005,9.08,73.44,3.05
2025-02-11,MTR_005,7.74,79.11,2.15
2025-02-12,MTR_005,9.19,76.45,2.48
2025-02-13,MTR_005,9.51,77.05,3.0
2025-02-14,MTR_005,10.15,71.38,3.13
2025-02-15,MTR_005,8.46,78.28,2.24
2025-02-16,MTR_005,10.04,75.14,3.26
2025-02-17,MTR_005,10.18,72.86,2.88
2025-02-18,MTR_005,10.73,77.13,2.95
2025-02-19,MTR_005,11.11,74.95,3.5
2025-02-20,MTR_005,10.1,76.6,2.69
2025-02-21,MTR_005,10.55,77.92,1.66
2025-02-22,MTR_005,8.95,77.37,2.66
2025-02-23,MTR_005,10.15,78.48,2.46
2025-02-24,MTR_005,9.79,79.23,1.95
2025-02-25,MTR_005,10.08,80.1,1.82
2025-02-26,MTR_005,10.7,68.36,3.12
2025-02-27,MTR_005,11.09,73.2,2.02
2025-02-28,MTR_005,11.23,74.08,1.77
2025-03-01,MTR_005,9.95,79.83,2.25
2025-03-02,MTR_005,9.5,78.39,2.76
2025-03-03,MTR_005,10.05,74.9,1.66
2025-03-04,MTR_005,10.11,71.29,2.73
2025-03-05,MTR_005,9.82,75.43,2.23
2025-03-06,MTR_005,10.73,78.54,2.29
2025-03-07,MTR_005,9.21,76.71,2.76
2025-03-08,MTR_005,9.94,70.3,3.21
2025-03-09,MTR_005,11.53,70.2,2.93
2025-03-10,MTR_005,10.1,79.84,2.66
2025-03-11,MTR_005,9.73,75.86,2.4
2025-03-12,MTR_005,9.84,77.92,2.29
2025-03-13,MTR_005,9.6,75.15,2.57
2025-03-14,MTR_005,9.88,77.41,2.26
2025-03-15,MTR_005,8.94,75.11,2.25
2025-03-16,MTR_005,9.44,69.08,2.12
2025-03-17,MTR_005,8.83,74.08,2.41
2025-03-18,MTR_005,11.05,79.11,2.34
2025-03-19,MTR_005,9.85,74.27,2.95
2025-03-20,MTR_005,11.07,77.29,2.2
2025-03-21,MTR_005,9.66,72.51,2.55
2025-03-22,MTR_005,8.93,72.9,2.63
2025-03-23,MTR_005,9.27,71.2,2.45
2025-03-24,MTR_005,8.27,78.95,2.11
2025-03-25,MTR_005,9.36,74.35,2.42
2025-03-26,MTR_005,10.07,77.38,3.45
2025-03-27,MTR_005,10.21,69.66,2.58
2025-03-28,MTR_005,9.9,81.36,2.77
2025-03-29,MTR_005,9.01,75.19,1.54
2025-03-30,MTR_005,10.85,73.0,3.29
2025-03-31,MTR_005,10.61,76.77,2.79
2025-04-01,MTR_005,10.37,71.46,3.36
2025-04-02,MTR_005,11.18,72.98,1.97
2025-04-03,MTR_005,9.49,74.45,2.5
2025-04-04,MTR_005,10.26,72.89,2.34
2025-04-05,MTR_005,10.23,77.77,2.53
2025-04-06,MTR_005,8.79,76.51,2.55
2025-04-07,MTR_005,9.72,70.4,2.25
2025-04-08,MTR_005,9.73,69.84,2.25
2025-04-09,MTR_005,10.01,72.69,2.63
2025-04-10,MTR_005,8.92,75.19,2.39
2025-04-11,MTR_005,10.68,77.25,2.36
2025-04-12,MTR_005,11.2,76.18,2.06
2025-04-13,MTR_005,10.14,76.76,2.6
2025-04-14,MTR_005,11.33,81.78,2.25
2025-04-15,MTR_005,10.19,75.05,2.38
2025-04-16,MTR_005,10.22,76.14,2.69
2025-04-17,MTR_005,10.11,77.05,2.9
2025-04-18,MTR_005,10.53,77.72,2.02
2025-04-19,MTR_005,10.44,77.59,2.5
2025-04-20,MTR_005,8.9,75.7,2.79
2025-04-21,MTR_005,9.03,74.81,2.35
2025-04-22,MTR_005,9.08,72.41,1.97
2025-04-23,MTR_005,8.92,67.41,2.0
2025-04-24,MTR_005,10.86,76.42,2.41
2025-04-25,MTR_005,9.92,75.07,2.46
2025-04-26,MTR_005,9.38,78.46,2.66
2025-04-27,MTR_005,8.6,81.45,2.69
2025-04-28,MTR_005,8.51,71.98,3.03
2025-04-29,MTR_005,11.25,76.52,3.16
2025-04-30,MTR_005,10.57,80.9,2.09
2025-05-01,MTR_005,10.09,78.69,2.51
2025-05-02,MTR_005,9.44,76.53,2.87
2025-05-03,MTR_005,10.19,74.53,3.34
2025-05-04,MTR_005,12.14,76.35,3.46
2025-05-05,MTR_005,11.48,75.84,2.72
2025-05-06,MTR_005,13.71,71.69,3.63
2025-05-07,MTR_005,12.8,82.2,3.08
2025-05-08,MTR_005,12.58,75.73,2.87
2025-05-09,MTR_005,14.07,74.84,4.18
2025-05-10,MTR_005,13.71,82.31,4.13
2025-05-11,MTR_005,17.73,80.21,3.7
2025-05-12,MTR_005,15.26,77.94,2.82
2025-05-13,MTR_005,13.36,81.78,4.17
2025-05-14,MTR_005,12.62,88.34,4.43
2025-05-15,MTR_005,17.46,80.01,5.6
2025-05-16,MTR_005,14.25,85.76,5.79
2025-05-17,MTR_005,14.95,79.79,4.68
2025-05-18,MTR_005,19.3,81.71,5.99
2025-05-19,MTR_005,10.65,81.7,5.1
2025-05-20,MTR_005,15.69,81.71,6.36
2025-05-21,MTR_005,20.88,85.79,5.39
2025-05-22,MTR_005,22.4,78.64,5.35
2025-05-23,MTR_005,18.27,83.99,4.13
2025-05-24,MTR_005,13.99,91.46,5.81
2025-05-25,MTR_005,15.86,87.72,4.88
2025-05-26,MTR_005,15.86,89.09,5.3
2025-05-27,MTR_005,19.97,99.29,7.05
2025-05-28,MTR_005,20.59,94.57,7.18
2025-05-29,MTR_005,18.14,93.97,4.99
2025-05-30,MTR_005,18.53,97.88,7.93
2025-05-31,MTR_005,16.84,80.69,5.63
2025-06-01,MTR_005,20.98,97.63,7.06
2025-06-02,MTR_005,20.59,87.81,5.18
2025-06-03,MTR_005,22.13,94.4,8.04
2025-06-04,MTR_005,26.4,92.3,6.85
2025-06-05,MTR_005,24.74,97.48,4.84
2025-06-06,MTR_005,19.15,83.64,4.85
2025-06-07,MTR_005,24.47,85.85,6.17
2025-06-08,MTR_005,28.11,91.15,9.31
2025-06-09,MTR_005,17.02,97.61,5.45
2025-06-10,MTR_005,18.04,103.24,5.91
2025-06-11,MTR_005,23.08,83.37,6.31
2025-06-12,MTR_005,30.0,94.3,8.16
2025-06-13,MTR_005,24.21,84.63,10.48
2025-06-14,MTR_005,16.1,106.09,6.89
2025-06-15,MTR_005,22.93,101.09,6.56
2025-06-16,MTR_005,17.42,84.03,7.04
2025-06-17,MTR_005,34.02,92.79,6.8
2025-06-18,MTR_005,18.52,100.03,13.02
2025-06-19,MTR_005,32.59,101.01,8.95
2025-06-20,MTR_005,21.2,107.48,8.61
2025-06-21,MTR_005,15.34,91.8,6.27
2025-06-22,MTR_005,22.05,87.12,6.94
2025-06-23,MTR_005,23.61,108.71,11.57
2025-06-24,MTR_005,32.86,88.81,12.09
2025-06-25,MTR_005,31.99,85.95,13.18
2025-06-26,MTR_005,21.4,116.19,11.73
2025-06-27,MTR_005,38.9,109.47,4.87
2025-06-28,MTR_005,33.86,109.92,7.93
2025-06-29,MTR_005,31.44,102.28,6.41
2025-01-01,MTR_006,10.47,79.87,1.93
2025-01-02,MTR_006,12.0,72.29,2.38
2025-01-03,MTR_006,8.84,72.78,2.52
2025-01-04,MTR_006,9.27,71.38,2.32
2025-01-05,MTR_006,8.28,78.7,2.28
2025-01-06,MTR_006,11.5,79.16,2.21
2025-01-07,MTR_006,8.31,72.55,2.56
2025-01-08,MTR_006,10.52,77.19,2.5
2025-01-09,MTR_006,9.21,70.75,2.58
2025-01-10,MTR_006,9.88,71.86,1.92
2025-01-11,MTR_006,9.33,73.15,2.64
2025-01-12,MTR_006,10.23,71.71,2.6
2025-01-13,MTR_006,11.02,74.58,2.43
2025-01-14,MTR_006,10.48,77.9,2.79
2025-01-15,MTR_006,9.48,75.04,2.81
2025-01-16,MTR_006,10.04,75.75,2.93
2025-01-17,MTR_006,10.74,69.44,2.54
2025-01-18,MTR_006,11.6,74.29,2.83
2025-01-19,MTR_006,10.76,76.7,2.39
2025-01-20,MTR_006,8.2,76.9,2.97
2025-01-21,MTR_006,9.59,72.66,3.34
2025-01-22,MTR_006,10.41,68.87,2.98
2025-01-23,MTR_006,9.67,72.14,2.06
2025-01-24,MTR_006,11.72,79.72,2.29
2025-01-25,MTR_006,11.35,76.15,2.21
2025-01-26,MTR_006,9.58,75.04,3.18
2025-01-27,MTR_006,9.69,74.46,2.74
2025-01-28,MTR_006,10.11,76.57,2.73
2025-01-29,MTR_006,10.24,77.41,2.79
2025-01-30,MTR_006,9.02,73.23,2.63
2025-01-31,MTR_006,11.39,74.6,2.33
2025-02-01,MTR_006,8.57,76.75,2.35
2025-02-02,MTR_006,9.57,78.12,2.94
2025-02-03,MTR_006,9.65,72.93,2.69
2025-02-04,MTR_006,11.83,73.22,2.4
2025-02-05,MTR_006,10.55,70.31,2.75
2025-02-06,MTR_006,10.03,75.04,1.81
2025-02-07,MTR_006,9.32,77.8,2.6
2025-02-08,MTR_006,10.14,73.27,3.01
2025-02-09,MTR_006,11.2,70.97,2.21
2025-02-10,MTR_006,11.85,76.45,2.28
2025-02-11,MTR_006,9.95,72.54,2.43
2025-02-12,MTR_006,9.8,72.51,2.54
2025-02-13,MTR_006,8.82,79.06,2.17
2025-02-14,MTR_006,9.82,76.14,3.04
2025-02-15,MTR_006,10.8,72.09,2.84
2025-02-16,MTR_006,9.91,77.37,1.81
2025-02-17,MTR_006,10.54,78.76,2.88
2025-02-18,MTR_006,10.46,74.79,2.78
2025-02-19,MTR_006,11.26,79.41,2.33
2025-02-20,MTR_006,9.92,75.19,3.2
2025-02-21,MTR_006,8.35,77.9,2.56
2025-02-22,MTR_006,10.15,70.31,3.21
2025-02-23,MTR_006,11.65,73.04,1.89
2025-02-24,MTR_006,9.7,73.88,3.2
2025-02-25,MTR_006,11.16,77.57,2.91
2025-02-26,MTR_006,10.49,70.18,2.43
2025-02-27,MTR_006,11.88,73.66,2.0
2025-02-28,MTR_006,10.56,71.99,2.43
2025-03-01,MTR_006,9.01,70.95,1.88
2025-03-02,MTR_006,8.81,72.78,2.47
2025-03-03,MTR_006,11.42,70.82,3.48
2025-03-04,MTR_006,10.61,77.74,2.66
2025-03-05,MTR_006,8.46,72.43,2.18
2025-03-06,MTR_006,10.49,78.57,2.93
2025-03-07,MTR_006,10.27,76.25,2.86
2025-03-08,MTR_006,9.96,79.91,2.19
2025-03-09,MTR_006,8.48,71.51,2.7
2025-03-10,MTR_006,9.82,69.8,2.23
2025-03-11,MTR_006,10.93,78.66,3.35
2025-03-12,MTR_006,11.08,76.45,3.05
2025-03-13,MTR_006,8.99,77.55,2.8
2025-03-14,MTR_006,11.08,78.27,2.19
2025-03-15,MTR_006,10.24,72.28,2.54
2025-03-16,MTR_006,9.5,77.46,2.87
2025-03-17,MTR_006,10.04,80.11,2.93
2025-03-18,MTR_006,9.33,68.63,2.36
2025-03-19,MTR_006,11.34,76.53,2.37
2025-03-20,MTR_006,11.13,77.92,2.14
2025-03-21,MTR_006,9.6,74.98,2.39
2025-03-22,MTR_006,10.52,74.55,2.58
2025-03-23,MTR_006,10.62,76.15,2.17
2025-03-24,MTR_006,7.18,76.78,3.16
2025-03-25,MTR_006,10.92,77.79,2.28
2025-03-26,MTR_006,11.0,74.22,2.53
2025-03-27,MTR_006,9.92,67.41,2.78
2025-03-28,MTR_006,9.55,67.48,2.24
2025-03-29,MTR_006,10.21,71.41,1.72
2025-03-30,MTR_006,10.34,72.77,1.98
2025-03-31,MTR_006,12.53,70.03,2.16
2025-04-01,MTR_006,10.16,74.18,2.0
2025-04-02,MTR_006,11.31,80.57,2.38
2025-04-03,MTR_006,9.07,72.93,1.91
2025-04-04,MTR_006,9.81,72.27,2.67
2025-04-05,MTR_006,11.21,73.61,3.12
2025-04-06,MTR_006,11.42,74.2,2.41
2025-04-07,MTR_006,13.15,70.85,2.09
2025-04-08,MTR_006,10.46,76.63,2.72
2025-04-09,MTR_006,11.33,76.03,2.35
2025-04-10,MTR_006,10.52,77.49,1.81
2025-04-11,MTR_006,10.77,77.28,2.48
2025-04-12,MTR_006,8.95,72.32,2.14
2025-04-13,MTR_006,9.89,77.89,2.07
2025-04-14,MTR_006,9.37,74.9,2.8
2025-04-15,MTR_006,10.68,71.75,1.82
2025-04-16,MTR_006,9.99,77.62,1.97
2025-04-17,MTR_006,12.8,71.45,2.92
2025-04-18,MTR_006,7.96,74.72,2.51
2025-04-19,MTR_006,10.19,79.94,2.44
2025-04-20,MTR_006,9.92,72.61,2.08
2025-04-21,MTR_006,10.92,73.51,2.86
2025-04-22,MTR_006,10.02,76.16,2.94
2025-04-23,MTR_006,11.25,72.93,2.63
2025-04-24,MTR_006,8.71,77.79,2.93
2025-04-25,MTR_006,10.6,74.87,3.14
2025-04-26,MTR_006,10.61,75.05,2.09
2025-04-27,MTR_006,10.4,73.78,2.04
2025-04-28,MTR_006,11.35,73.78,2.68
2025-04-29,MTR_006,9.34,70.89,2.35
2025-04-30,MTR_006,10.17,74.77,1.72
2025-05-01,MTR_006,10.86,72.33,2.18
2025-05-02,MTR_006,9.36,77.79,1.75
2025-05-03,MTR_006,7.75,79.13,2.37
2025-05-04,MTR_006,11.11,75.85,1.99
2025-05-05,MTR_006,9.49,77.68,3.19
2025-05-06,MTR_006,10.04,75.64,2.39
2025-05-07,MTR_006,10.93,74.81,2.57
2025-05-08,MTR_006,10.93,81.6,2.84
2025-05-09,MTR_006,10.61,65.62,2.43
2025-05-10,MTR_006,10.07,75.06,2.18
2025-05-11,MTR_006,10.07,74.47,3.06
2025-05-12,MTR_006,8.69,73.55,3.28
2025-05-13,MTR_006,10.49,78.81,1.74
2025-05-14,MTR_006,10.95,74.99,2.36
2025-05-15,MTR_006,10.88,77.86,2.0
2025-05-16,MTR_006,10.73,81.27,3.15
2025-05-17,MTR_006,10.15,73.71,2.86
2025-05-18,MTR_006,11.19,75.39,2.59
2025-05-19,MTR_006,9.78,76.04,3.4
2025-05-20,MTR_006,10.66,80.42,4.13
2025-05-21,MTR_006,11.24,83.07,3.19
2025-05-22,MTR_006,11.92,76.59,3.45
2025-05-23,MTR_006,11.99,79.28,2.92
2025-05-24,MTR_006,12.58,81.6,3.16
2025-05-25,MTR_006,12.15,75.33,4.2
2025-05-26,MTR_006,10.0,80.42,4.25
2025-05-27,MTR_006,11.9,80.85,3.64
2025-05-28,MTR_006,16.03,78.69,4.06
2025-05-29,MTR_006,10.84,86.63,3.99
2025-05-30,MTR_006,16.87,83.82,5.16
2025-05-31,MTR_006,14.96,84.95,4.88
2025-06-01,MTR_006,16.26,82.03,5.91
2025-06-02,MTR_006,13.09,76.81,3.83
2025-06-03,MTR_006,17.78,89.8,3.75
2025-06-04,MTR_006,13.31,84.12,2.94
2025-06-05,MTR_006,16.9,81.63,4.69
2025-06-06,MTR_006,19.89,91.53,7.1
2025-06-07,MTR_006,20.27,84.78,5.35
2025-06-08,MTR_006,21.19,86.71,4.71
2025-06-09,MTR_006,14.29,81.46,7.73
2025-06-10,MTR_006,21.62,81.2,7.79
2025-06-11,MTR_006,24.32,85.48,8.01
2025-06-12,MTR_006,14.77,80.4,7.05
2025-06-13,MTR_006,21.41,84.72,6.74
2025-06-14,MTR_006,22.06,81.53,8.59
2025-06-15,MTR_006,13.84,85.52,6.09
2025-06-16,MTR_006,18.32,93.45,5.85
2025-06-17,MTR_006,23.61,91.25,9.09
2025-06-18,MTR_006,25.54,95.6,9.05
2025-06-19,MTR_006,28.17,96.21,5.07
2025-06-20,MTR_006,19.67,94.87,6.27
2025-06-21,MTR_006,28.2,94.41,8.38
2025-06-22,MTR_006,26.95,88.54,5.17
2025-06-23,MTR_006,26.79,96.44,7.33
2025-06-24,MTR_006,25.8,98.51,9.48
2025-06-25,MTR_006,18.6,98.66,9.89
2025-06-26,MTR_006,19.34,105.74,5.96
2025-06-27,MTR_006,15.24,100.97,8.39
2025-06-28,MTR_006,21.9,105.47,6.93
2025-06-29,MTR_006,29.38,92.01,7.13
2025-01-01,MTR_007,10.76,77.67,2.37
2025-01-02,MTR_007,10.55,74.74,2.77
2025-01-03,MTR_007,10.48,75.06,2.96
2025-01-04,MTR_007,10.16,70.64,2.66
2025-01-05,MTR_007,9.22,74.83,2.24
2025-01-06,MTR_007,9.79,71.15,2.63
2025-01-07,MTR_007,8.96,72.39,2.13
2025-01-08,MTR_007,10.48,78.09,2.23
2025-01-09,MTR_007,9.97,73.32,2.71
2025-01-10,MTR_007,10.93,73.01,2.71
2025-01-11,MTR_007,9.63,72.53,2.47
2025-01-12,MTR_007,8.55,72.09,1.84
2025-01-13,MTR_007,10.8,74.67,2.61
2025-01-14,MTR_007,8.17,70.63,2.99
2025-01-15,MTR_007,11.59,74.02,2.0
2025-01-16,MTR_007,9.84,74.95,1.43
2025-01-17,MTR_007,10.76,79.34,2.53
2025-01-18,MTR_007,10.95,72.65,1.79
2025-01-19,MTR_007,10.44,76.57,2.54
2025-01-20,MTR_007,9.59,80.03,2.67
2025-01-21,MTR_007,8.35,72.16,1.98
2025-01-22,MTR_007,10.21,75.26,2.42
2025-01-23,MTR_007,10.34,71.11,2.84
2025-01-24,MTR_007,9.69,79.63,2.92
2025-01-25,MTR_007,10.77,68.97,2.34
2025-01-26,MTR_007,9.14,70.35,2.78
2025-01-27,MTR_007,10.96,72.84,2.7
2025-01-28,MTR_007,9.93,75.59,2.7
2025-01-29,MTR_007,8.1,73.94,2.09
2025-01-30,MTR_007,10.17,73.71,2.9
2025-01-31,MTR_007,9.24,75.55,2.34
2025-02-01,MTR_007,9.67,71.03,2.97
2025-02-02,MTR_007,10.08,80.41,2.43
2025-02-03,MTR_007,7.09,79.4,2.52
2025-02-04,MTR_007,9.9,74.95,2.33
2025-02-05,MTR_007,10.05,71.64,2.57
2025-02-06,MTR_007,8.84,74.28,2.15
2025-02-07,MTR_007,10.95,75.15,2.3
2025-02-08,MTR_007,10.51,76.25,2.17
2025-02-09,MTR_007,10.72,69.04,2.38
2025-02-10,MTR_007,7.76,76.55,3.06
2025-02-11,MTR_007,12.09,72.57,3.08
2025-02-12,MTR_007,10.18,74.33,3.29
2025-02-13,MTR_007,10.75,73.81,2.23
2025-02-14,MTR_007,9.16,75.83,2.65
2025-02-15,MTR_007,10.21,78.77,2.52
2025-02-16,MTR_007,11.58,68.29,2.85
2025-02-17,MTR_007,8.82,78.02,2.66
2025-02-18,MTR_007,11.13,78.13,2.52
2025-02-19,MTR_007,8.35,75.95,2.43
2025-02-20,MTR_007,10.57,76.14,2.26
2025-02-21,MTR_007,10.82,70.13,2.57
2025-02-22,MTR_007,8.47,72.55,1.85
2025-02-23,MTR_007,8.37,69.24,2.38
2025-02-24,MTR_007,10.62,78.47,2.26
2025-02-25,MTR_007,9.38,72.71,3.4
2025-02-26,MTR_007,10.02,73.41,2.58
2025-02-27,MTR_007,10.85,75.1,3.12
2025-02-28,MTR_007,9.55,75.11,2.83
2025-03-01,MTR_007,8.73,77.08,2.94
2025-03-02,MTR_007,9.07,76.93,2.36
2025-03-03,MTR_007,10.18,73.5,2.45
2025-03-04,MTR_007,8.96,68.14,2.85
2025-03-05,MTR_007,8.65,78.24,2.93
2025-03-06,MTR_007,10.96,72.59,2.14
2025-03-07,MTR_007,10.2,73.06,2.43
2025-03-08,MTR_007,11.01,76.12,2.17
2025-03-09,MTR_007,9.31,78.65,3.09
2025-03-10,MTR_007,9.88,78.57,2.33
2025-03-11,MTR_007,8.93,74.65,2.8
2025-03-12,MTR_007,9.58,72.66,1.8
2025-03-13,MTR_007,9.75,72.68,2.33
2025-03-14,MTR_007,9.57,77.22,2.74
2025-03-15,MTR_007,10.37,77.79,2.32
2025-03-16,MTR_007,9.5,78.71,2.7
2025-03-17,MTR_007,8.28,74.48,2.76
2025-03-18,MTR_007,9.11,77.61,2.09
2025-03-19,MTR_007,9.94,76.1,2.22
2025-03-20,MTR_007,9.31,71.97,2.71
2025-03-21,MTR_007,8.91,76.01,2.51
2025-03-22,MTR_007,9.43,81.25,3.11
2025-03-23,MTR_007,8.02,78.1,2.38
2025-03-24,MTR_007,8.83,78.45,2.27
2025-03-25,MTR_007,9.97,78.66,2.03
2025-03-26,MTR_007,10.27,72.61,2.11
2025-03-27,MTR_007,8.84,74.72,2.6
2025-03-28,MTR_007,8.52,74.49,1.71
2025-03-29,MTR_007,10.43,77.64,2.45
2025-03-30,MTR_007,10.77,70.77,1.99
2025-03-31,MTR_007,11.0,78.58,2.63
2025-04-01,MTR_007,9.12,75.28,3.05
2025-04-02,MTR_007,9.77,69.65,2.17
2025-04-03,MTR_007,11.01,72.55,2.34
2025-04-04,MTR_007,8.97,77.82,2.74
2025-04-05,MTR_007,10.25,69.98,2.05
2025-04-06,MTR_007,10.22,76.24,3.02
2025-04-07,MTR_007,8.89,68.57,2.5
2025-04-08,MTR_007,9.28,76.24,1.55
2025-04-09,MTR_007,9.27,78.64,3.78
2025-04-10,MTR_007,8.51,72.96,2.39
2025-04-11,MTR_007,9.54,75.24,2.76
2025-04-12,MTR_007,9.15,75.33,2.63
2025-04-13,MTR_007,8.01,74.85,2.94
2025-04-14,MTR_007,8.72,75.53,2.16
2025-04-15,MTR_007,11.4,77.42,2.61
2025-04-16,MTR_007,9.64,73.45,2.73
2025-04-17,MTR_007,9.67,74.78,2.29
2025-04-18,MTR_007,12.0,76.24,2.3
2025-04-19,MTR_007,11.18,78.87,1.82
2025-04-20,MTR_007,11.78,73.21,2.8
2025-04-21,MTR_007,10.79,69.96,3.07
2025-04-22,MTR_007,9.22,76.9,2.55
2025-04-23,MTR_007,9.78,77.17,2.45
2025-04-24,MTR_007,11.41,70.57,1.88
2025-04-25,MTR_007,9.4,75.83,2.07
2025-04-26,MTR_007,10.63,78.84,2.02
2025-04-27,MTR_007,12.27,78.47,3.06
2025-04-28,MTR_007,10.82,75.55,2.64
2025-04-29,MTR_007,8.26,78.82,2.25
2025-04-30,MTR_007,8.17,76.09,2.28
2025-05-01,MTR_007,10.04,68.73,2.55
2025-05-02,MTR_007,10.69,73.31,2.32
2025-05-03,MTR_007,10.08,74.77,2.95
2025-05-04,MTR_007,10.04,75.2,2.67
2025-05-05,MTR_007,11.73,73.34,2.4
2025-05-06,MTR_007,10.52,80.33,2.0
2025-05-07,MTR_007,9.37,78.98,2.71
2025-05-08,MTR_007,10.39,75.54,2.7
2025-05-09,MTR_007,9.83,79.46,2.74
2025-05-10,MTR_007,10.82,74.62,2.43
2025-05-11,MTR_007,10.15,76.71,1.88
2025-05-12,MTR_007,9.6,72.55,3.03
2025-05-13,MTR_007,10.06,74.67,2.82
2025-05-14,MTR_007,11.68,72.25,2.97
2025-05-15,MTR_007,9.33,72.45,1.95
2025-05-16,MTR_007,10.08,67.6,1.86
2025-05-17,MTR_007,9.72,73.22,2.53
2025-05-18,MTR_007,11.75,69.1,2.38
2025-05-19,MTR_007,9.62,76.33,2.74
2025-05-20,MTR_007,11.53,80.83,2.88
2025-05-21,MTR_007,10.1,72.15,2.03
2025-05-22,MTR_007,9.88,73.67,2.96
2025-05-23,MTR_007,8.63,79.67,2.56
2025-05-24,MTR_007,9.54,74.04,2.17
2025-05-25,MTR_007,9.38,71.68,2.04
2025-05-26,MTR_007,11.24,73.47,1.92
2025-05-27,MTR_007,9.82,80.48,2.62
2025-05-28,MTR_007,10.21,74.75,2.14
2025-05-29,MTR_007,9.66,68.16,2.46
2025-05-30,MTR_007,11.35,75.73,3.33
2025-05-31,MTR_007,11.2,80.58,2.54
2025-06-01,MTR_007,11.57,75.07,2.86
2025-06-02,MTR_007,11.69,72.89,3.0
2025-06-03,MTR_007,13.0,78.29,3.31
2025-06-04,MTR_007,12.32,82.77,4.2
2025-06-05,MTR_007,12.27,78.83,3.68
2025-06-06,MTR_007,14.46,77.98,3.72
2025-06-07,MTR_007,11.59,80.92,3.57
2025-06-08,MTR_007,15.37,83.9,4.35
2025-06-09,MTR_007,12.09,77.16,4.9
2025-06-10,MTR_007,14.41,76.6,4.04
2025-06-11,MTR_007,17.38,80.13,5.3
2025-06-12,MTR_007,17.58,85.54,4.96
2025-06-13,MTR_007,16.17,76.36,4.23
2025-06-14,MTR_007,16.04,84.47,5.02
2025-06-15,MTR_007,16.79,83.02,5.36
2025-06-16,MTR_007,11.61,89.1,5.02
2025-06-17,MTR_007,19.09,86.8,5.15
2025-06-18,MTR_007,17.57,86.86,4.19
2025-06-19,MTR_007,15.69,90.66,5.83
2025-06-20,MTR_007,14.01,91.46,3.97
2025-06-21,MTR_007,13.37,94.13,6.27
2025-06-22,MTR_007,20.21,87.15,6.21
2025-06-23,MTR_007,14.68,89.93,6.92
2025-06-24,MTR_007,24.47,85.08,7.64
2025-06-25,MTR_007,24.83,86.82,6.05
2025-06-26,MTR_007,21.94,97.07,7.5
2025-06-27,MTR_007,15.74,87.4,5.9
2025-06-28,MTR_007,19.87,87.04,6.22
2025-06-29,MTR_007,22.83,86.59,4.46
2025-01-01,MTR_008,10.33,73.06,1.87
2025-01-02,MTR_008,10.2,72.04,2.57
2025-01-03,MTR_008,10.63,74.7,2.74
2025-01-04,MTR_008,9.14,77.21,2.23
2025-01-05,MTR_008,9.36,79.11,2.46
2025-01-06,MTR_008,9.29,75.5,2.5
2025-01-07,MTR_008,9.6,75.83,2.95
2025-01-08,MTR_008,8.87,78.35,2.54
2025-01-09,MTR_008,12.0,71.63,2.96
2025-01-10,MTR_008,9.25,76.97,2.5
2025-01-11,MTR_008,10.03,74.81,2.5
2025-01-12,MTR_008,8.76,71.47,2.66
2025-01-13,MTR_008,8.57,81.17,1.88
2025-01-14,MTR_008,8.53,71.4,2.36
2025-01-15,MTR_008,9.14,78.37,1.8
2025-01-16,MTR_008,10.23,73.19,2.38
2025-01-17,MTR_008,9.16,78.92,3.01
2025-01-18,MTR_008,10.02,77.97,2.61
2025-01-19,MTR_008,8.73,71.91,1.79
2025-01-20,MTR_008,10.47,74.98,2.42
2025-01-21,MTR_008,10.47,80.67,2.8
2025-01-22,MTR_008,11.17,81.48,2.1
2025-01-23,MTR_008,7.93,72.67,3.13
2025-01-24,MTR_008,10.63,70.69,2.2
2025-01-25,MTR_008,9.47,75.29,2.87
2025-01-26,MTR_008,9.21,74.57,2.55
2025-01-27,MTR_008,10.71,73.31,2.12
2025-01-28,MTR_008,9.1,72.61,2.86
2025-01-29,MTR_008,8.65,75.92,2.39
2025-01-30,MTR_008,9.84,74.35,2.49
2025-01-31,MTR_008,11.21,77.38,3.08
2025-02-01,MTR_008,9.65,75.63,2.14
2025-02-02,MTR_008,8.95,76.25,2.92
2025-02-03,MTR_008,9.48,76.0,2.44
2025-02-04,MTR_008,9.01,75.98,2.55
2025-02-05,MTR_008,9.35,72.4,1.91
2025-02-06,MTR_008,10.45,71.82,2.58
2025-02-07,MTR_008,9.87,76.28,2.18
2025-02-08,MTR_008,11.11,74.57,2.58
2025-02-09,MTR_008,8.26,79.26,2.57
2025-02-10,MTR_008,9.04,77.61,2.48
2025-02-11,MTR_008,10.85,77.06,2.15
2025-02-12,MTR_008,11.23,74.43,2.06
2025-02-13,MTR_008,10.97,72.8,2.57
2025-02-14,MTR_008,9.51,74.37,2.97
2025-02-15,MTR_008,10.45,77.4,2.23
2025-02-16,MTR_008,8.91,71.19,2.73
2025-02-17,MTR_008,6.57,76.19,3.01
2025-02-18,MTR_008,10.46,74.86,2.37
2025-02-19,MTR_008,11.03,72.53,2.46
2025-02-20,MTR_008,10.86,76.88,2.22
2025-02-21,MTR_008,10.42,76.25,1.96
2025-02-22,MTR_008,10.14,80.33,3.06
2025-02-23,MTR_008,10.97,78.68,3.43
2025-02-24,MTR_008,8.8,77.13,3.06
2025-02-25,MTR_008,9.17,75.48,2.29
2025-02-26,MTR_008,11.17,74.4,2.26
2025-02-27,MTR_008,9.54,79.98,2.18
2025-02-28,MTR_008,9.94,77.24,2.36
2025-03-01,MTR_008,10.69,70.97,2.38
2025-03-02,MTR_008,9.86,74.9,1.95
2025-03-03,MTR_008,9.67,70.03,2.91
2025-03-04,MTR_008,9.16,80.31,2.12
2025-03-05,MTR_008,10.29,78.06,2.19
2025-03-06,MTR_008,10.14,75.39,2.38
2025-03-07,MTR_008,10.74,75.23,2.56
2025-03-08,MTR_008,8.74,74.5,2.92
2025-03-09,MTR_008,9.97,69.21,2.45
2025-03-10,MTR_008,8.84,73.76,2.11
2025-03-11,MTR_008,9.36,73.75,2.63
2025-03-12,MTR_008,9.74,77.36,2.38
2025-03-13,MTR_008,11.5,70.2,1.87
2025-03-14,MTR_008,11.67,75.42,2.07
2025-03-15,MTR_008,9.1,75.93,1.86
2025-03-16,MTR_008,11.72,76.8,2.46
2025-03-17,MTR_008,11.03,74.77,2.75
2025-03-18,MTR_008,8.38,76.87,2.4
2025-03-19,MTR_008,9.64,75.51,2.6
2025-03-20,MTR_008,11.33,76.98,2.2
2025-03-21,MTR_008,10.6,76.05,2.28
2025-03-22,MTR_008,9.84,65.15,2.21
2025-03-23,MTR_008,10.65,73.46,3.12
2025-03-24,MTR_008,11.12,73.55,2.18
2025-03-25,MTR_008,10.16,76.49,2.69
2025-03-26,MTR_008,10.51,69.37,2.37
2025-03-27,MTR_008,9.73,72.36,3.35
2025-03-28,MTR_008,10.79,74.96,2.66
2025-03-29,MTR_008,10.09,77.86,2.45
2025-03-30,MTR_008,9.08,76.39,2.03
2025-03-31,MTR_008,9.69,78.72,2.05
2025-04-01,MTR_008,9.17,75.44,2.43
2025-04-02,MTR_008,8.27,75.61,2.12
2025-04-03,MTR_008,11.3,74.18,2.47
2025-04-04,MTR_008,10.99,75.58,2.78
2025-04-05,MTR_008,9.39,75.99,2.3
2025-04-06,MTR_008,13.01,72.48,2.15
2025-04-07,MTR_008,9.48,73.94,2.65
2025-04-08,MTR_008,9.86,75.32,2.75
2025-04-09,MTR_008,10.3,67.39,1.78
2025-04-10,MTR_008,9.87,72.54,2.45
2025-04-11,MTR_008,10.46,71.19,2.8
2025-04-12,MTR_008,9.52,72.29,2.12
2025-04-13,MTR_008,12.14,67.89,1.72
2025-04-14,MTR_008,9.56,75.42,3.17
2025-04-15,MTR_008,10.0,77.7,2.1
2025-04-16,MTR_008,10.25,75.13,2.78
2025-04-17,MTR_008,9.23,76.77,2.56
2025-04-18,MTR_008,8.29,78.41,1.71
2025-04-19,MTR_008,12.65,76.64,2.83
2025-04-20,MTR_008,10.0,79.31,2.76
2025-04-21,MTR_008,7.84,71.57,2.0
2025-04-22,MTR_008,10.01,76.29,2.47
2025-04-23,MTR_008,10.06,74.3,2.4
2025-04-24,MTR_008,8.54,75.33,2.63
2025-04-25,MTR_008,10.59,75.73,2.5
2025-04-26,MTR_008,9.69,72.87,3.09
2025-04-27,MTR_008,9.07,70.81,1.93
2025-04-28,MTR_008,8.92,71.89,1.88
2025-04-29,MTR_008,10.05,72.18,2.16
2025-04-30,MTR_008,9.16,81.63,2.29
2025-05-01,MTR_008,10.35,74.64,2.09
2025-05-02,MTR_008,8.41,80.68,2.08
2025-05-03,MTR_008,9.64,70.46,2.59
2025-05-04,MTR_008,8.71,78.53,2.49
2025-05-05,MTR_008,7.53,76.85,2.45
2025-05-06,MTR_008,8.49,72.57,2.48
2025-05-07,MTR_008,11.86,75.69,2.83
2025-05-08,MTR_008,9.63,77.53,2.45
2025-05-09,MTR_008,8.87,79.54,1.94
2025-05-10,MTR_008,9.34,77.96,2.07
2025-05-11,MTR_008,9.62,72.39,2.73
2025-05-12,MTR_008,9.07,79.89,2.55
2025-05-13,MTR_008,9.34,70.77,2.64
2025-05-14,MTR_008,9.48,77.81,1.64
2025-05-15,MTR_008,10.9,73.6,3.21
2025-05-16,MTR_008,11.12,75.87,1.71
2025-05-17,MTR_008,10.05,78.51,3.44
2025-05-18,MTR_008,10.41,71.43,2.38
2025-05-19,MTR_008,9.13,74.41,2.14
2025-05-20,MTR_008,9.82,76.98,2.39
2025-05-21,MTR_008,10.41,75.78,2.46
2025-05-22,MTR_008,11.06,78.58,2.29
2025-05-23,MTR_008,9.56,76.14,2.23
2025-05-24,MTR_008,10.6,78.69,3.15
2025-05-25,MTR_008,8.52,71.83,2.73
2025-05-26,MTR_008,10.66,74.83,1.68
2025-05-27,MTR_008,9.44,74.34,3.15
2025-05-28,MTR_008,10.68,76.8,2.25
2025-05-29,MTR_008,9.02,74.1,3.17
2025-05-30,MTR_008,10.23,76.98,2.61
2025-05-31,MTR_008,9.87,75.97,3.3
2025-06-01,MTR_008,9.95,81.83,2.78
2025-06-02,MTR_008,11.45,79.81,2.83
2025-06-03,MTR_008,11.29,73.23,1.93
2025-06-04,MTR_008,10.32,78.5,4.11
2025-06-05,MTR_008,11.28,81.76,3.15
2025-06-06,MTR_008,10.93,80.65,3.77
2025-06-07,MTR_008,13.75,83.68,3.21
2025-06-08,MTR_008,13.7,78.15,4.31
2025-06-09,MTR_008,13.11,77.05,4.11
2025-06-10,MTR_008,14.8,74.85,3.03
2025-06-11,MTR_008,12.57,81.46,3.57
2025-06-12,MTR_008,14.17,82.95,3.1
2025-06-13,MTR_008,14.34,84.04,3.01
2025-06-14,MTR_008,14.4,81.83,3.59
2025-06-15,MTR_008,14.24,74.13,4.03
2025-06-16,MTR_008,16.21,82.68,6.07
2025-06-17,MTR_008,16.1,81.43,4.85
2025-06-18,MTR_008,12.64,83.12,4.65
2025-06-19,MTR_008,16.87,80.27,5.06
2025-06-20,MTR_008,17.14,84.06,6.41
2025-06-21,MTR_008,16.12,83.74,4.64
2025-06-22,MTR_008,15.31,81.74,4.42
2025-06-23,MTR_008,12.92,81.58,4.88
2025-06-24,MTR_008,17.25,91.58,4.06
2025-06-25,MTR_008,18.37,87.04,6.66
2025-06-26,MTR_008,14.73,89.59,7.4
2025-06-27,MTR_008,14.84,89.97,5.06
2025-06-28,MTR_008,18.06,86.48,5.22
2025-06-29,MTR_008,12.94,85.11,7.6
2025-01-01,MTR_009,11.21,78.87,2.62
2025-01-02,MTR_009,9.45,75.11,2.51
2025-01-03,MTR_009,10.04,75.08,2.84
2025-01-04,MTR_009,8.24,80.62,2.54
2025-01-05,MTR_009,9.03,74.22,2.59
2025-01-06,MTR_009,9.67,74.38,2.29
2025-01-07,MTR_009,9.93,79.81,2.91
2025-01-08,MTR_009,10.36,71.97,1.63
2025-01-09,MTR_009,10.78,73.01,2.5
2025-01-10,MTR_009,11.17,74.79,2.31
2025-01-11,MTR_009,9.07,75.02,2.51
2025-01-12,MTR_009,9.99,72.76,2.23
2025-01-13,MTR_009,9.23,75.39,2.22
2025-01-14,MTR_009,11.66,69.45,2.77
2025-01-15,MTR_009,9.29,77.28,2.89
2025-01-16,MTR_009,9.55,75.52,3.39
2025-01-17,MTR_009,10.63,75.64,2.24
2025-01-18,MTR_009,10.26,75.39,2.42
2025-01-19,MTR_009,10.9,74.69,2.49
2025-01-20,MTR_009,10.03,68.36,2.15
2025-01-21,MTR_009,9.11,80.23,2.3
2025-01-22,MTR_009,10.0,72.61,2.25
2025-01-23,MTR_009,8.81,71.0,2.05
2025-01-24,MTR_009,10.01,73.51,3.65
2025-01-25,MTR_009,11.07,74.77,2.43
2025-01-26,MTR_009,10.74,67.1,2.67
2025-01-27,MTR_009,9.33,78.66,1.86
2025-01-28,MTR_009,11.38,77.23,2.49
2025-01-29,MTR_009,9.13,77.45,2.38
2025-01-30,MTR_009,10.78,75.88,2.93
2025-01-31,MTR_009,10.38,72.45,2.65
2025-02-01,MTR_009,10.39,75.99,2.44
2025-02-02,MTR_009,9.61,69.92,2.69
2025-02-03,MTR_009,10.26,71.97,2.57
2025-02-04,MTR_009,11.13,72.28,2.41
2025-02-05,MTR_009,10.32,70.77,2.35
2025-02-06,MTR_009,10.58,70.47,2.75
2025-02-07,MTR_009,9.2,75.78,1.93
2025-02-08,MTR_009,10.69,74.69,1.68
2025-02-09,MTR_009,9.02,74.46,3.53
2025-02-10,MTR_009,9.96,72.46,2.34
2025-02-11,MTR_009,9.99,78.31,2.27
2025-02-12,MTR_009,8.93,75.64,2.13
2025-02-13,MTR_009,9.56,71.05,2.69
2025-02-14,MTR_009,9.87,73.0,1.96
2025-02-15,MTR_009,9.06,69.47,2.74
2025-02-16,MTR_009,10.04,71.7,2.64
2025-02-17,MTR_009,11.39,70.38,3.25
2025-02-18,MTR_009,7.89,71.62,2.17
2025-02-19,MTR_009,8.6,73.24,2.74
2025-02-20,MTR_009,9.01,71.87,2.3
2025-02-21,MTR_009,9.62,77.55,2.85
2025-02-22,MTR_009,11.31,80.77,2.04
2025-02-23,MTR_009,8.83,78.33,2.21
2025-02-24,MTR_009,10.42,75.01,2.64
2025-02-25,MTR_009,8.81,77.91,2.42
2025-02-26,MTR_009,9.98,75.64,2.3
2025-02-27,MTR_009,8.07,72.81,2.56
2025-02-28,MTR_009,10.41,71.12,2.51
2025-03-01,MTR_009,9.78,75.15,2.65
2025-03-02,MTR_009,10.18,79.38,2.64
2025-03-03,MTR_009,10.31,75.75,2.44
2025-03-04,MTR_009,10.61,69.06,3.07
2025-03-05,MTR_009,8.1,70.3,2.35
2025-03-06,MTR_009,10.17,79.68,3.01
2025-03-07,MTR_009,10.96,82.05,2.34
2025-03-08,MTR_009,8.81,75.27,2.72
2025-03-09,MTR_009,10.34,80.44,2.91
2025-03-10,MTR_009,9.48,70.32,1.91
2025-03-11,MTR_009,9.83,78.66,1.82
2025-03-12,MTR_009,11.25,75.05,2.25
2025-03-13,MTR_009,11.88,75.26,2.39
2025-03-14,MTR_009,9.79,76.71,2.53
2025-03-15,MTR_009,10.64,75.11,2.01
2025-03-16,MTR_009,12.15,78.61,2.64
2025-03-17,MTR_009,8.85,68.73,1.95
2025-03-18,MTR_009,10.27,82.08,2.45
2025-03-19,MTR_009,10.91,74.09,2.05
2025-03-20,MTR_009,8.76,73.97,2.31
2025-03-21,MTR_009,10.08,72.2,1.94
2025-03-22,MTR_009,10.63,78.38,1.82
2025-03-23,MTR_009,10.33,78.76,2.4
2025-03-24,MTR_009,11.57,74.42,2.06
2025-03-25,MTR_009,8.99,76.45,2.8
2025-03-26,MTR_009,10.06,72.84,2.62
2025-03-27,MTR_009,9.28,76.62,2.24
2025-03-28,MTR_009,9.23,77.31,2.69
2025-03-29,MTR_009,11.17,78.64,2.31
2025-03-30,MTR_009,9.56,77.02,3.23
2025-03-31,MTR_009,9.45,71.97,2.56
2025-04-01,MTR_009,7.83,71.36,2.53
2025-04-02,MTR_009,11.16,72.2,3.08
2025-04-03,MTR_009,11.07,79.23,2.23
2025-04-04,MTR_009,8.52,75.67,2.08
2025-04-05,MTR_009,9.6,72.06,3.19
2025-04-06,MTR_009,11.11,70.81,2.51
2025-04-07,MTR_009,9.51,73.93,2.3
2025-04-08,MTR_009,9.52,80.09,2.81
2025-04-09,MTR_009,11.14,72.77,2.05
2025-04-10,MTR_009,8.31,74.51,2.81
2025-04-11,MTR_009,11.5,72.31,2.39
2025-04-12,MTR_009,10.89,78.42,2.45
2025-04-13,MTR_009,11.8,78.57,2.53
2025-04-14,MTR_009,8.95,73.85,1.39
2025-04-15,MTR_009,10.49,74.34,2.57
2025-04-16,MTR_009,9.42,73.34,2.28
2025-04-17,MTR_009,8.74,70.49,1.57
2025-04-18,MTR_009,10.36,70.4,2.14
2025-04-19,MTR_009,10.52,72.47,2.21
2025-04-20,MTR_009,10.47,71.88,1.87
2025-04-21,MTR_009,9.58,74.18,2.59
2025-04-22,MTR_009,7.65,75.44,3.01
2025-04-23,MTR_009,10.22,65.78,2.24
2025-04-24,MTR_009,9.83,73.19,2.84
2025-04-25,MTR_009,9.95,73.17,2.63
2025-04-26,MTR_009,9.0,78.65,2.27
2025-04-27,MTR_009,8.52,69.65,2.47
2025-04-28,MTR_009,9.52,75.64,2.14
2025-04-29,MTR_009,9.02,75.73,1.95
2025-04-30,MTR_009,11.63,72.94,2.19
2025-05-01,MTR_009,8.84,77.97,2.3
2025-05-02,MTR_009,9.35,76.75,2.34
2025-05-03,MTR_009,9.79,77.45,3.04
2025-05-04,MTR_009,10.85,75.23,2.54
2025-05-05,MTR_009,9.14,67.7,2.47
2025-05-06,MTR_009,10.61,74.89,2.42
2025-05-07,MTR_009,9.02,65.35,2.05
2025-05-08,MTR_009,10.85,77.04,2.29
2025-05-09,MTR_009,10.8,79.17,3.11
2025-05-10,MTR_009,10.88,73.23,2.08
2025-05-11,MTR_009,9.19,74.77,2.96
2025-05-12,MTR_009,10.34,77.38,2.92
2025-05-13,MTR_009,10.31,75.06,2.36
2025-05-14,MTR_009,8.48,72.87,2.67
2025-05-15,MTR_009,9.72,75.8,2.69
2025-05-16,MTR_009,11.2,74.68,3.11
2025-05-17,MTR_009,11.79,75.17,1.64
2025-05-18,MTR_009,9.96,73.6,1.78
2025-05-19,MTR_009,10.08,72.28,2.62
2025-05-20,MTR_009,9.54,76.48,2.26
2025-05-21,MTR_009,10.3,78.74,2.53
2025-05-22,MTR_009,11.11,73.03,2.54
2025-05-23,MTR_009,9.01,78.47,2.5
2025-05-24,MTR_009,10.31,75.84,2.54
2025-05-25,MTR_009,9.91,74.94,1.63
2025-05-26,MTR_009,9.69,72.06,2.48
2025-05-27,MTR_009,10.55,75.81,1.71
2025-05-28,MTR_009,10.37,76.34,2.13
2025-05-29,MTR_009,10.81,72.31,1.42
2025-05-30,MTR_009,10.85,79.77,2.44
2025-05-31,MTR_009,11.07,69.28,2.53
2025-06-01,MTR_009,11.95,77.12,2.23
2025-06-02,MTR_009,8.64,73.52,2.5
2025-06-03,MTR_009,9.79,74.69,2.72
2025-06-04,MTR_009,8.49,76.35,2.41
2025-06-05,MTR_009,11.68,77.22,2.6
2025-06-06,MTR_009,10.22,80.0,2.95
2025-06-07,MTR_009,9.18,76.54,3.09
2025-06-08,MTR_009,8.68,73.37,2.93
2025-06-09,MTR_009,12.5,80.17,2.09
2025-06-10,MTR_009,11.05,77.87,1.62
2025-06-11,MTR_009,9.98,72.37,2.39
2025-06-12,MTR_009,10.46,84.85,2.16
2025-06-13,MTR_009,10.48,72.4,2.75
2025-06-14,MTR_009,10.56,77.0,2.61
2025-06-15,MTR_009,9.96,78.17,2.27
2025-06-16,MTR_009,9.66,76.39,3.05
2025-06-17,MTR_009,8.08,75.45,2.81
2025-06-18,MTR_009,10.25,77.54,3.07
2025-06-19,MTR_009,7.67,74.59,2.1
2025-06-20,MTR_009,10.4,73.55,1.62
2025-06-21,MTR_009,10.14,76.2,2.45
2025-06-22,MTR_009,9.45,73.96,2.82
2025-06-23,MTR_009,8.96,76.24,2.17
2025-06-24,MTR_009,9.77,75.15,2.38
2025-06-25,MTR_009,9.99,73.78,3.06
2025-06-26,MTR_009,8.7,74.75,2.79
2025-06-27,MTR_009,7.7,69.71,2.5
2025-06-28,MTR_009,8.4,75.18,2.18
2025-06-29,MTR_009,11.42,78.36,2.38
2025-01-01,MTR_010,10.95,72.54,2.43
2025-01-02,MTR_010,10.19,71.28,2.31
2025-01-03,MTR_010,8.98,77.07,2.23
2025-01-04,MTR_010,9.04,74.21,2.89
2025-01-05,MTR_010,10.66,74.25,2.61
2025-01-06,MTR_010,9.45,80.6,2.52
2025-01-07,MTR_010,10.24,71.81,2.18
2025-01-08,MTR_010,11.08,73.53,2.07
2025-01-09,MTR_010,8.65,77.18,2.31
2025-01-10,MTR_010,11.15,78.25,2.59
2025-01-11,MTR_010,10.02,72.35,2.42
2025-01-12,MTR_010,9.13,72.8,2.0
2025-01-13,MTR_010,10.29,76.7,2.73
2025-01-14,MTR_010,10.35,72.9,1.82
2025-01-15,MTR_010,10.12,75.94,2.5
2025-01-16,MTR_010,10.26,72.94,2.6
2025-01-17,MTR_010,8.38,76.98,2.0
2025-01-18,MTR_010,8.61,76.28,1.58
2025-01-19,MTR_010,10.55,78.5,2.26
2025-01-20,MTR_010,8.91,76.96,2.53
2025-01-21,MTR_010,10.96,73.12,2.15
2025-01-22,MTR_010,9.67,74.11,2.1
2025-01-23,MTR_010,8.99,72.46,2.54
2025-01-24,MTR_010,10.23,72.3,2.47
2025-01-25,MTR_010,9.82,75.1,2.74
2025-01-26,MTR_010,10.22,71.63,2.14
2025-01-27,MTR_010,10.83,77.46,2.35
2025-01-28,MTR_010,9.7,74.97,2.63
2025-01-29,MTR_010,10.39,78.02,2.06
2025-01-30,MTR_010,8.3,78.43,2.06
2025-01-31,MTR_010,11.18,73.72,2.29
2025-02-01,MTR_010,10.17,76.08,2.08
2025-02-02,MTR_010,10.49,74.4,3.28
2025-02-03,MTR_010,10.42,70.25,2.97
2025-02-04,MTR_010,10.16,77.3,2.82
2025-02-05,MTR_010,10.23,73.52,2.01
2025-02-06,MTR_010,9.76,70.07,2.53
2025-02-07,MTR_010,9.47,71.34,2.87
2025-02-08,MTR_010,11.02,71.78,2.73
2025-02-09,MTR_010,10.67,74.49,2.79
2025-02-10,MTR_010,10.44,72.88,3.56
2025-02-11,MTR_010,10.92,71.66,2.97
2025-02-12,MTR_010,10.98,75.47,2.44
2025-02-13,MTR_010,9.71,75.72,2.11
2025-02-14,MTR_010,10.6,76.11,2.72
2025-02-15,MTR_010,10.41,69.92,3.2
2025-02-16,MTR_010,10.35,72.46,2.63
2025-02-17,MTR_010,11.13,74.27,2.27
2025-02-18,MTR_010,11.0,83.98,2.32
2025-02-19,MTR_010,9.43,77.0,3.13
2025-02-20,MTR_010,10.89,79.37,2.39
2025-02-21,MTR_010,11.0,79.2,2.69
2025-02-22,MTR_010,10.05,72.49,2.69
2025-02-23,MTR_010,9.74,74.0,2.09
2025-02-24,MTR_010,9.2,78.28,3.0
2025-02-25,MTR_010,9.07,67.4,1.81
2025-02-26,MTR_010,10.69,79.88,2.76
2025-02-27,MTR_010,9.37,77.67,2.39
2025-02-28,MTR_010,10.18,78.65,2.95
2025-03-01,MTR_010,10.91,71.38,3.11
2025-03-02,MTR_010,9.86,72.42,2.24
2025-03-03,MTR_010,9.84,77.85,2.64
2025-03-04,MTR_010,8.9,78.02,1.83
2025-03-05,MTR_010,8.89,76.46,3.07
2025-03-06,MTR_010,10.03,76.95,1.99
2025-03-07,MTR_010,10.29,74.86,1.76
2025-03-08,MTR_010,9.72,71.5,2.42
2025-03-09,MTR_010,11.1,71.45,1.83
2025-03-10,MTR_010,8.85,74.32,2.19
2025-03-11,MTR_010,10.87,74.27,2.27
2025-03-12,MTR_010,8.85,78.74,2.87
2025-03-13,MTR_010,9.84,74.66,1.75
2025-03-14,MTR_010,9.58,75.14,3.41
2025-03-15,MTR_010,8.96,76.43,2.16
2025-03-16,MTR_010,10.79,72.59,2.7
2025-03-17,MTR_010,10.31,72.04,1.91
2025-03-18,MTR_010,11.4,78.72,2.75
2025-03-19,MTR_010,10.8,70.24,2.64
2025-03-20,MTR_010,9.54,81.97,2.25
2025-03-21,MTR_010,8.03,76.58,1.96
2025-03-22,MTR_010,11.05,78.21,2.58
2025-03-23,MTR_010,10.32,74.38,2.67
2025-03-24,MTR_010,7.82,76.79,1.92
2025-03-25,MTR_010,10.05,69.11,1.94
2025-03-26,MTR_010,9.44,73.69,2.1
2025-03-27,MTR_010,9.5,75.96,2.49
2025-03-28,MTR_010,10.69,79.14,2.41
2025-03-29,MTR_010,9.29,80.15,2.94
2025-03-30,MTR_010,11.68,76.29,2.32
2025-03-31,MTR_010,10.07,75.44,2.58
2025-04-01,MTR_010,12.93,73.39,2.81
2025-04-02,MTR_010,10.51,72.24,2.63
2025-04-03,MTR_010,10.7,72.71,2.62
2025-04-04,MTR_010,9.31,75.42,2.69
2025-04-05,MTR_010,10.88,74.47,2.77
2025-04-06,MTR_010,12.1,72.44,2.53
2025-04-07,MTR_010,9.45,70.25,1.79
2025-04-08,MTR_010,8.83,80.7,1.51
2025-04-09,MTR_010,10.51,75.56,1.97
2025-04-10,MTR_010,8.93,74.15,2.28
2025-04-11,MTR_010,9.24,73.92,3.07
2025-04-12,MTR_010,11.69,75.62,2.74
2025-04-13,MTR_010,9.43,71.74,2.25
2025-04-14,MTR_010,10.33,73.89,3.28
2025-04-15,MTR_010,10.21,76.34,3.08
2025-04-16,MTR_010,9.5,79.13,2.76
2025-04-17,MTR_010,10.7,73.4,1.72
2025-04-18,MTR_010,10.87,75.38,2.44
2025-04-19,MTR_010,8.9,74.48,2.33
2025-04-20,MTR_010,9.76,73.57,1.85
2025-04-21,MTR_010,9.77,66.73,2.91
2025-04-22,MTR_010,10.6,74.16,2.76
2025-04-23,MTR_010,10.36,77.53,2.54
2025-04-24,MTR_010,10.31,73.39,2.31
2025-04-25,MTR_010,11.4,80.71,2.31
2025-04-26,MTR_010,11.72,76.92,3.14
2025-04-27,MTR_010,13.95,80.08,3.17
2025-04-28,MTR_010,11.08,78.1,3.67
2025-04-29,MTR_010,12.87,76.07,3.47
2025-04-30,MTR_010,13.63,77.97,3.95
2025-05-01,MTR_010,13.55,84.1,3.01
2025-05-02,MTR_010,13.97,79.03,3.39
2025-05-03,MTR_010,12.48,80.99,4.39
2025-05-04,MTR_010,11.83,79.18,3.44
2025-05-05,MTR_010,14.87,77.45,5.35
2025-05-06,MTR_010,13.15,84.58,4.58
2025-05-07,MTR_010,14.13,85.03,3.09
2025-05-08,MTR_010,16.07,83.15,4.75
2025-05-09,MTR_010,16.65,85.95,5.56
2025-05-10,MTR_010,19.66,80.02,4.72
2025-05-11,MTR_010,12.99,87.65,4.17
2025-05-12,MTR_010,19.03,81.21,3.8
2025-05-13,MTR_010,10.67,89.98,6.72
2025-05-14,MTR_010,12.03,86.89,5.41
2025-05-15,MTR_010,12.83,71.54,3.89
2025-05-16,MTR_010,17.83,83.21,5.33
2025-05-17,MTR_010,16.41,88.46,5.1
2025-05-18,MTR_010,21.07,79.4,5.92
2025-05-19,MTR_010,19.69,88.86,6.69
2025-05-20,MTR_010,21.85,79.12,6.25
2025-05-21,MTR_010,16.13,80.29,7.86
2025-05-22,MTR_010,25.83,97.99,7.88
2025-05-23,MTR_010,12.15,92.37,6.26
2025-05-24,MTR_010,20.64,81.35,4.0
2025-05-25,MTR_010,18.54,87.05,6.66
2025-05-26,MTR_010,23.96,100.89,7.16
2025-05-27,MTR_010,24.48,93.45,8.16
2025-05-28,MTR_010,15.49,83.85,5.51
2025-05-29,MTR_010,12.37,96.43,6.69
2025-05-30,MTR_010,19.39,100.46,7.02
2025-05-31,MTR_010,29.26,94.56,9.25
2025-06-01,MTR_010,26.28,93.73,8.46
2025-06-02,MTR_010,23.35,101.97,11.04
2025-06-03,MTR_010,19.8,103.15,5.83
2025-06-04,MTR_010,29.8,87.83,8.39
2025-06-05,MTR_010,21.1,93.3,6.0
2025-06-06,MTR_010,30.32,106.97,10.41
2025-06-07,MTR_010,31.81,96.95,5.18
2025-06-08,MTR_010,25.51,103.46,6.29
2025-06-09,MTR_010,21.07,105.62,7.9
2025-06-10,MTR_010,25.47,107.87,9.96
2025-06-11,MTR_010,23.15,96.89,6.52
2025-06-12,MTR_010,19.2,100.13,9.66
2025-06-13,MTR_010,21.61,104.06,12.74
2025-06-14,MTR_010,30.17,93.53,10.58
2025-06-15,MTR_010,16.17,105.07,6.26
2025-06-16,MTR_010,29.85,101.03,11.63
2025-06-17,MTR_010,19.89,89.14,8.56
2025-06-18,MTR_010,18.27,89.46,14.47
2025-06-19,MTR_010,34.73,101.5,8.87
2025-06-20,MTR_010,22.82,108.32,5.24
2025-06-21,MTR_010,32.64,85.72,13.06
2025-06-22,MTR_010,25.07,106.25,7.81
2025-06-23,MTR_010,16.87,114.39,11.96
2025-06-24,MTR_010,23.71,97.66,6.26
2025-06-25,MTR_010,39.99,122.77,12.15
2025-06-26,MTR_010,40.77,113.53,9.83
2025-06-27,MTR_010,30.56,107.73,9.76
2025-06-28,MTR_010,21.1,111.41,11.73
2025-06-29,MTR_010,27.62,95.83,14.78
